code;name;2017_1;2017_2;2017_3;2017_4;2017_5;2017_6;2017_7;2017_8;2017_9;2017_10;2017_11;2017_12;2018_1;2018_2;2018_3;2018_4;2018_5;2018_6;2018_7;2018_8;2018_9;2018_10;2018_11;2018_12;2019_1;2019_2;2019_3;2019_4;2019_5;2019_6;2019_7;2019_8;2019_9;2019_10;2019_11;2019_12;2020_1;2020_2;2020_3;2020_4;2020_5;2020_6;2020_7;2020_8;2020_9;2020_10;2020_11;2020_12;2021_1;2021_2;2021_3;2021_4;2021_5;2021_6;2021_7;2021_8;2021_9;2021_10;2021_11;2021_12;2022_1;2022_2;2022_3;2022_4;2022_5;2022_6;2022_7;2022_8;2022_9;2022_10;2022_11;2022_12;2023_1;2023_2;2023_3;2023_4;2023_5;2023_6;2023_7;2023_8;2023_9;2023_10;2023_11
abs002;abs002;;;;;;;;;;32;32;;;;;;;;;;;;;;;;;;;;;;;;;;;;;;;;;;;;;;;;;;;;;;;;;;;;;;;;;;;;;;;;;;;;;;;;
ah001;Arnhem Centrum;180;185;191;222;224;216;215;213;206;184;183;198;196;180;195;180;136;232;236;236;327;302;320;305;326;324;314;318;398;402;338;317;297;302;276;301;302;355;441;448;447;431;392;416;410;408;409;415;435;439;439;437;442;424;412;421;419;425;433;439;440;432;424;417;396;372;372;372;372;372;372;372;372;372;372;372;372;372;372;372;372;336;372
ah002;ah002;30;30;39;33;24;35;32;29;33;38;39;34;43;36;33;42;33;48;38;41;44;49;54;64;56;53;61;69;65;65;53;52;77;74;74;69;79;93;72;;;;;;;;;;;;;;;;;;;;;;;;;;;;;;;;;;;;;;;;;;;;
ah003;OV-ebike Arnhem Centrum;;;;;;;;;;;;;;;;;;;;;;;;;;;;;;;;;;;;;;;;;;;;;;;;;;;;;;;;;;;;;;;;;;;;;;;29;33;29;24;26;23;23;22;25;27;24;28;29
alm001;Almere Centrum Landdrostdreef;29;31;31;32;30;30;28;27;22;23;23;31;30;29;30;29;26;23;15;3;;;;;;;;;;;;;;;;;;;;;;;;;;;;;;;;;;;;;;;;;;;;;;;;;49;70;72;65;53;63;63;65;97;78;68;91;82;77;75
alm003;alm003;;;;;;;;;;;;;;;;;;;;17;32;28;30;29;29;29;29;30;30;24;24;27;29;30;31;26;29;32;31;29;27;26;30;24;30;31;32;31;30;31;32;30;32;32;31;31;28;28;31;31;32;32;32;31;29;27;29;30;28;24;24;24;24;;;;;;;;;;
amf001;Amersfoort Centraal;153;153;181;182;181;169;171;174;159;230;252;265;250;221;281;275;275;253;229;212;180;303;292;311;315;296;299;500;484;393;362;352;328;305;301;339;346;335;382;382;382;364;344;345;345;317;310;303;331;394;391;388;386;380;372;379;375;372;380;385;389;386;382;451;307;311;308;307;307;307;325;343;357;359;366;365;377;355;373;373;337;357;341
amf002;Amersfoort Mondriaanplein;32;28;30;29;32;32;30;31;32;32;32;31;32;30;32;32;32;32;32;32;31;29;32;32;32;31;32;32;32;32;32;32;30;32;32;32;31;31;32;32;32;32;28;30;32;31;28;31;30;25;24;25;25;24;30;28;30;31;31;30;32;31;32;70;59;75;65;62;73;76;83;94;104;82;85;84;94;94;92;98;96;88;113
amfs001;Amersfoort Schothorst;7;8;8;8;8;8;8;8;7;7;8;7;8;8;8;8;8;8;8;8;8;8;8;8;9;9;8;8;6;6;7;8;7;7;7;8;8;8;8;7;8;31;27;21;30;27;26;27;29;20;20;19;19;21;23;22;32;32;32;32;32;31;31;31;31;30;31;31;30;29;32;32;31;36;46;35;42;45;41;34;33;33;41
aml001;aml001;21;19;26;26;24;22;17;16;16;18;25;27;25;22;20;24;23;23;19;24;22;21;32;31;32;31;32;32;30;30;29;27;29;30;30;28;27;25;26;24;24;25;27;27;31;30;31;30;31;29;31;31;30;29;29;25;31;31;31;30;32;32;32;30;27;28;25;30;30;30;28;30;28;25;26;;;;;;;;
aml002;Almelo;;;;;;;;;;;;;;;;;;;;;;;;;;;;;;;;;;;;;;;;;;;;;;;;;;;;;;;;;;;;;;;;;;;;;;;;;;;27;31;31;30;31;31;30;31;31
amr001;Alkmaar;45;55;55;61;59;42;51;52;42;39;36;41;40;40;40;59;70;70;58;47;65;107;108;109;111;109;115;110;111;130;160;148;157;153;141;155;159;158;167;165;163;159;154;131;139;140;137;138;166;166;167;165;163;158;153;152;155;158;162;163;168;162;161;155;154;187;188;145;134;136;150;143;136;129;133;130;133;131;126;133;134;133;136
amrn001;amrn001;21;23;23;23;24;23;23;19;20;22;21;20;18;16;13;13;11;11;14;14;8;2;0;;;;;;;;;;;;;;;;;;;;;;;;;;;;;;;;;;;;;;;;;;;;;;;;;;;;;;;;;;;;
amrn002;Alkmaar Noord;;;;;;;;;;;;;;;;;;;;;;;;;;;;;;;;;;;;;;;;;;;;;;;;;;;;;;;;;;;;;;;;;;;;;;;38;41;39;29;38;46;41;40;46;53;38;37;37
amrn003;amrn003;;;;;;;;;;;;;;;;;;;;;;;;;;;;;;;;30;32;32;32;31;32;32;32;31;32;32;31;32;31;32;32;32;32;32;32;32;31;31;32;32;31;31;32;32;32;31;32;32;32;31;32;32;29;31;29;;;;;;;;;;;;
ana001;Anna Paulowna;3;3;3;3;4;4;2;2;2;1;0;3;3;1;1;1;2;2;3;3;3;3;3;2;3;4;4;3;3;2;2;3;3;4;4;4;3;3;4;4;4;4;4;4;4;4;4;4;4;4;4;4;4;4;4;3;4;4;4;4;4;4;4;4;4;4;4;4;4;4;4;4;4;4;4;4;4;4;4;4;4;4;8
apd001;Apeldoorn;140;134;135;146;159;152;172;176;192;192;194;188;191;179;209;210;277;284;274;254;295;304;300;303;315;312;310;306;307;304;305;307;301;291;303;305;285;317;329;330;415;415;399;436;437;431;440;439;438;220;283;230;201;201;309;297;295;260;258;267;252;245;324;342;345;326;308;300;295;284;270;254;274;301;346;359;373;361;356;355;348;323;300
apg001;Appingedam;4;4;4;4;4;2;2;2;2;2;2;3;3;3;3;3;3;3;3;4;3;3;3;4;4;4;4;4;4;4;4;4;4;3;4;4;4;4;4;4;4;4;4;4;4;4;4;4;4;4;4;4;4;4;4;4;4;4;4;4;4;4;4;4;4;4;4;4;4;4;4;4;4;4;4;4;4;4;4;4;5;5;7
apn001;Alphen aan den Rijn;45;50;52;50;48;47;47;48;43;34;48;47;42;40;35;45;48;37;28;44;46;38;43;49;56;52;50;54;53;48;49;50;49;50;48;51;48;49;51;58;59;61;59;58;59;61;63;64;54;55;55;54;52;53;52;55;51;52;50;54;55;52;54;55;52;54;53;52;50;47;49;52;51;51;51;51;50;50;48;61;50;45;48
asa001;Amsterdam Amstel;80;96;145;138;157;166;100;205;215;160;155;;152;134;132;238;240;171;136;137;171;206;187;181;138;126;166;226;272;175;178;180;205;189;180;197;142;182;274;285;279;237;280;215;214;257;250;295;281;282;282;277;294;240;238;226;225;254;255;270;285;261;278;262;233;230;210;214;204;197;223;224;250;217;238;209;224;197;197;197;227;170;197
asb001;asb001;3;4;5;6;5;6;4;2;5;8;8;14;14;11;14;14;13;4;3;2;5;5;6;14;26;10;6;3;7;;;;;;;;5;5;2;2;2;1;1;;;;;;;;;;;;;;;;;;;;;;;;;;;;;;;;;;;;;;;;
asb002;Amsterdam Bijlmer ArenA;;;;;;;;;;;;;;;;;;;;;;;;;;;;;;;;;;;;;;;;;;;;;;;;;;;;;;;;;;;;;;;;;;;;;;;;;;;;;;;;;41;34;41
asb003;Amsterdam Bijlmer ArenA;;;;;;;;;;;;;;;;;;18;21;31;32;32;32;32;33;32;32;32;32;32;31;29;32;28;26;32;31;25;31;31;25;27;33;32;24;26;26;29;31;31;30;28;29;28;27;27;23;28;30;25;28;30;30;30;30;28;28;27;27;26;31;27;30;23;26;29;25;26;30;27;26;;
asb004;asb004;;;;;;;;;;;;;;;;;;;;;;;;;;;;;;;;;;;;;;;;;;;124;;;;;;;;;;;;;;;;;;;;;;;;;;;;;;;;;;;;;;;;
asd002;Amsterdam Centraal Oost;;;;;;;;163;203;208;287;272;165;176;221;161;151;93;93;81;212;257;391;352;324;311;267;282;324;299;161;166;143;224;274;215;258;294;313;;;;;;;;;;;;;;;;;;;;;;251;289;223;177;169;141;167;192;218;184;250;280;221;170;175;168;174;176;173;155;258;164;162
asd006;asd006;11;8;13;10;15;13;18;18;13;15;14;8;20;18;18;17;11;16;17;21;16;21;29;18;29;32;28;23;16;11;;;;;;;;;;;;;;;;;;;;;;;;;;;;;;;;;;;;;;;;;;;;;;;;;;;;;
asd007;asd007;520;519;549;577;582;494;620;578;566;691;1278;688;676;704;726;642;680;582;486;439;637;662;652;720;681;647;645;632;659;708;647;566;599;632;677;783;745;729;707;644;537;694;678;685;776;737;795;826;828;759;779;740;754;723;797;697;701;709;715;772;746;750;766;746;737;672;672;672;672;698;764;783;755;;;;;;;;;;
asd008;Amsterdam Centraal IJzijde;59;61;158;174;147;118;133;134;140;173;199;119;260;220;181;211;177;184;159;142;192;227;244;227;200;170;212;205;248;195;130;139;176;200;;;211;253;258;340;310;136;213;213;218;198;190;219;219;185;195;178;189;184;187;199;215;204;209;239;203;203;221;211;207;203;186;181;219;224;216;230;227;241;322;355;383;391;359;322;423;376;349
asd009;Amsterdam Noord;;;;;;;;;;;;;;;;;;;;;;;;;;;20;22;23;20;26;26;34;21;;;26;28;28;22;25;26;21;26;23;23;23;22;22;21;22;21;23;23;18;19;20;18;21;21;20;22;23;22;29;19;22;19;19;19;22;23;23;20;21;18;21;23;28;27;34;18;19
asd010;Amsterdam Centraal Stationsplein;;;;;;;;;;;;;;;;;;;;;;;;;;;;;;;;;;;;;;;;;;;;;;;;;;;;;;;;;;;;;;;;;;;;;;;;;;863;957;647;542;419;510;525;652;595;462
asdl001;Amsterdam Lelyplein;8;7;6;7;5;7;8;5;4;5;7;6;8;7;8;8;9;7;8;8;8;8;8;8;8;7;8;8;9;8;8;7;8;7;7;7;6;21;20;19;28;26;17;20;19;27;22;21;34;25;29;28;24;30;32;19;25;32;28;27;32;23;27;38;35;25;15;15;15;15;15;15;15;15;15;15;15;15;15;15;15;5;15
asdm001;Amsterdam Muiderpoort;41;49;47;30;39;33;32;40;55;53;40;49;56;54;54;66;55;64;58;71;62;74;78;72;;;102;67;57;;;27;52;52;56;63;57;75;77;82;79;81;82;65;68;84;88;86;93;95;89;91;86;70;63;67;62;61;76;83;86;80;74;66;72;66;66;66;66;66;70;72;71;73;75;70;72;67;66;66;93;59;74
asdz001;Amsterdam Zuid Zuidplein;75;76;128;;93;103;110;95;109;113;131;138;146;113;119;100;120;147;107;86;131;181;164;235;175;200;148;156;175;185;170;127;179;;;;;;;;;276;247;277;311;328;311;298;371;384;379;378;374;352;331;307;307;323;316;369;384;361;350;308;300;300;300;300;300;300;300;300;300;300;300;300;300;300;300;300;316;213;300
asdz003;Amsterdam Zuid Mahlerplein;9;30;224;109;58;114;63;68;314;154;256;230;156;79;64;69;146;146;65;121;153;187;271;235;230;207;232;163;230;205;184;222;199;191;290;198;218;264;276;;284;267;328;313;320;349;374;374;380;354;357;360;344;365;336;343;319;342;347;347;356;346;348;329;329;329;329;329;329;329;329;329;329;329;329;329;329;329;329;329;357;199;395
asdz004;asdz004;;;;;;;;;;;;;;;;;;;;;;;;;;;;;;;;;136;173;121;;142;149;152;125;125;130;;;;;;;;;;;;;;;;;;;;;;;;;;;;;;;;;;;;;;;;;
asn001;Assen;82;79;80;81;79;79;74;70;72;94;90;119;119;117;117;118;170;188;188;188;187;209;218;226;228;230;228;226;227;262;249;216;226;228;226;228;196;199;246;245;247;238;238;274;271;265;265;263;287;247;234;240;234;229;228;230;230;230;230;232;236;234;236;228;229;230;228;224;223;217;212;212;212;212;212;212;212;212;212;212;212;184;212
ass001;Amsterdam Sloterdijk;23;31;28;12;20;15;12;29;18;19;25;23;14;42;45;53;;;;;;;;;;;;;;;126;151;118;131;168;152;191;197;240;233;228;207;192;196;215;220;235;235;238;241;254;246;232;218;229;210;198;217;195;230;247;244;232;235;184;183;192;201;214;183;193;211;199;183;196;202;206;183;183;185;275;162;228
ass002;ass002;;;;;;;;;;;;;;;;;;62;60;49;62;64;52;53;63;48;49;;;;;;;;;;;;;;;;;;;;;;;;;;;;;;;;;;;;;;;;;;;;;;;;;;;;;;;;
atn001;Aalten;3;3;3;3;3;3;3;3;3;3;3;3;3;3;1;5;5;5;6;6;6;6;6;6;6;6;6;6;6;6;6;6;6;5;6;6;6;6;6;6;6;5;5;6;6;6;6;6;6;6;6;6;6;6;6;6;6;6;6;6;6;6;6;6;6;6;6;6;6;6;6;6;6;6;6;6;6;6;6;6;14;8;7
avat001;Amersfoort Vathorst;4;3;4;3;4;3;2;4;4;4;4;4;4;4;4;4;4;4;4;4;4;4;4;4;4;4;4;4;4;4;4;4;4;4;4;4;4;4;4;4;4;4;4;4;4;4;4;4;4;4;4;4;4;4;3;4;4;4;4;4;4;4;4;4;4;4;4;4;4;4;4;4;4;4;4;4;4;4;4;4;4;5;8
bd002;Breda Belcrum;126;106;107;121;139;117;110;121;109;118;114;110;105;114;96;124;141;174;140;134;125;158;186;204;196;194;213;194;201;206;247;233;194;155;162;255;268;208;256;264;275;308;302;241;227;236;246;240;248;239;248;263;288;261;273;273;216;235;238;268;289;271;263;240;259;240;266;263;240;243;248;250;280;240;240;261;265;240;294;296;240;247;240
bd003;Breda Centrum;62;65;71;71;88;71;72;63;84;95;96;84;94;95;94;97;133;119;115;113;128;133;135;131;159;153;131;148;159;142;139;162;172;161;166;175;184;172;187;128;110;88;132;128;160;161;137;137;149;156;142;138;122;128;132;125;164;160;167;160;117;160;166;167;174;171;164;144;202;195;218;214;211;171;190;184;184;190;163;171;190;183;191
bdg001;Bodegraven;;;;;;;;;;;;;;;;;;;;;;;;;;;;;;;;;;;;;8;8;8;8;8;8;8;8;8;8;8;8;8;8;8;8;8;8;8;8;8;8;8;8;8;8;8;8;8;8;7;7;8;8;8;7;7;7;8;8;8;7;8;8;8;7;10
bdpb001;Breda Prinsenbeek;6;6;6;3;2;2;2;2;4;4;5;5;5;5;4;4;3;7;7;6;8;8;8;8;8;8;8;8;7;8;8;8;8;8;8;8;8;8;8;8;8;7;8;8;8;8;7;7;8;8;8;8;8;8;8;8;8;8;8;8;8;8;8;8;8;8;8;8;8;8;8;8;8;7;8;8;8;8;8;8;8;8;8
bet001;Best;16;15;13;13;6;7;7;15;13;12;10;10;12;12;11;11;11;20;21;20;20;19;20;22;22;21;24;28;28;28;28;28;32;35;;;21;22;20;20;21;21;21;21;24;24;25;25;25;20;20;21;21;22;21;20;22;31;32;27;30;30;31;31;30;31;30;30;35;32;35;29;29;27;33;38;35;30;31;36;28;29;31
bgn001;bgn001;25;21;24;23;23;21;19;17;15;20;23;23;22;21;22;23;18;25;24;25;27;28;32;32;32;32;31;31;32;30;32;30;32;31;32;30;32;31;32;32;32;31;31;29;28;30;31;31;31;32;32;32;32;31;30;31;30;31;30;31;32;31;29;31;29;27;28;31;31;31;30;30;30;26;26;;;;;;;;
bgn002;Bergen op Zoom;;;;;;;;;;;;;;;;;;;;;;;;;;;;;;;;;;;;;;;;;;;;;;;;;;;;;;;;;;;;;;;;;;;;;;;;;;;38;31;37;28;42;32;34;43;32
bhv001;bhv001;31;31;31;32;32;32;31;32;32;32;32;31;32;31;32;32;32;31;30;32;32;32;32;29;32;32;32;31;32;30;32;31;32;37;31;27;29;32;31;25;30;32;30;28;31;28;25;31;31;32;30;28;32;32;32;32;29;28;30;30;32;32;30;32;31;30;31;32;32;31;;;;;;;;;;;;;
bhv002;Bilthoven;;;;;;;;;;;;;;;;;;;;;;;;;;;;;;;;;;;;;;;;;;;;;;;;;;;;;;;;;;;;;;;;;;;;;;8;33;54;44;48;37;47;40;38;45;40;45;41;48
bk001;bk001;;;;;;;;;;;;;;;;;;;;;;;;;;;;;;;;;;;;;;4;4;4;4;3;4;4;4;4;4;4;4;4;4;4;4;4;4;4;4;4;4;4;4;4;4;4;4;4;4;4;4;4;4;4;4;4;4;4;4;;;;;;
bkg001;Bovenkarspel-Grootebroek;4;4;4;4;4;3;3;5;4;0;0;3;4;4;4;4;4;2;3;4;4;3;4;4;4;4;4;4;3;3;2;3;4;4;4;4;4;4;4;3;3;4;4;4;4;4;3;3;3;4;4;4;4;4;4;4;4;4;4;4;4;4;4;4;4;4;4;4;4;4;4;4;4;4;4;4;5;4;4;4;4;3;4
bkl001;Breukelen;7;8;8;6;6;8;8;4;4;6;6;6;6;7;7;6;8;8;6;8;8;8;7;7;8;8;8;8;8;8;8;8;8;8;8;8;8;8;8;8;8;8;8;8;8;7;8;8;8;8;8;8;8;8;7;8;8;8;8;8;8;7;8;8;8;7;8;7;8;7;7;8;8;7;7;8;7;6;7;7;7;12;22
bl001;Beilen;6;6;6;6;6;6;6;6;6;8;8;8;9;9;9;9;9;9;15;15;14;14;14;14;14;14;14;14;15;20;19;20;20;19;;;22;22;20;20;20;20;18;20;21;21;21;21;20;20;20;20;20;21;21;21;21;22;20;21;20;20;22;20;20;20;20;20;20;20;20;20;20;20;20;20;20;21;20;20;20;20;20
bll001;Bloemendaal;3;2;2;2;4;4;2;2;2;0;3;4;4;3;4;4;3;3;2;3;4;4;2;3;4;4;4;4;4;3;4;4;4;4;4;4;4;4;4;4;3;4;4;5;4;4;4;4;4;4;4;4;4;4;4;4;4;4;4;4;4;4;4;4;4;4;4;4;4;4;4;4;4;4;4;4;4;4;4;4;3;4;12
bmn001;Brummen;4;4;4;4;4;4;6;6;6;6;5;5;5;5;5;5;4;4;5;5;6;5;6;5;5;5;5;5;5;5;5;5;5;6;6;5;5;4;5;6;5;5;6;6;6;6;6;6;6;6;6;6;6;6;6;6;6;6;6;6;6;6;6;6;6;6;6;6;6;6;6;6;6;6;6;6;6;6;6;6;6;6;8
bmr001;Boxmeer;13;12;12;11;10;12;12;11;10;8;8;;11;14;14;15;16;14;14;14;13;15;16;16;16;16;16;16;16;16;16;16;16;16;15;15;15;14;16;16;16;16;15;16;15;16;16;16;16;16;16;16;16;16;16;16;16;16;16;16;16;15;15;15;15;16;16;15;15;15;15;15;15;15;16;16;16;15;15;15;16;15;15
bn001;Borne;5;5;5;7;7;8;8;7;5;5;5;8;8;8;7;7;7;7;7;7;6;8;8;8;8;8;8;8;8;7;8;7;8;8;8;8;8;8;7;8;8;8;8;8;8;8;8;8;8;8;8;8;8;8;8;8;8;8;8;8;8;8;8;8;8;8;8;8;8;8;8;8;8;7;8;8;8;8;8;8;8;8;8
bnc001;Barneveld Centrum;4;5;5;5;5;6;6;4;5;2;3;5;5;4;4;4;6;6;6;6;6;6;6;6;5;6;6;6;6;6;6;6;6;6;6;6;6;4;6;6;5;6;6;6;6;6;6;6;6;6;6;6;6;5;6;6;6;6;6;6;6;6;6;6;6;6;6;6;6;6;6;6;6;5;6;6;6;6;6;6;6;5;6
bnk001;Bunnik;12;11;16;19;20;17;13;10;10;13;16;14;13;13;19;14;20;23;24;23;20;24;24;24;24;21;24;24;22;19;23;23;23;23;21;22;23;24;24;24;24;24;22;21;24;24;24;24;24;24;24;24;24;24;23;23;25;24;24;24;24;24;24;24;24;24;24;24;24;24;24;24;24;24;24;23;24;24;24;24;24;23;24
bnn001;Barneveld Noord;4;4;6;6;5;5;4;5;6;6;6;5;6;6;6;6;5;6;6;6;6;4;5;6;6;6;6;5;6;6;6;6;6;6;6;6;5;5;6;6;6;6;6;6;6;6;6;6;6;6;6;6;6;6;6;6;6;6;6;6;6;6;6;6;6;6;6;6;6;6;6;6;6;6;6;6;6;6;6;5;6;6;9
brd001;brd001;15;16;24;25;26;27;28;28;28;26;27;29;30;30;30;29;24;23;32;32;32;32;32;32;32;32;32;32;31;29;26;32;32;32;32;32;32;32;32;32;32;30;26;25;32;32;32;32;32;32;32;32;32;32;32;32;32;32;32;32;32;32;32;35;32;32;32;31;32;32;31;32;32;29;;;;;;;;;
brd002;Barendrecht;;;;;;;;;;;;;;;;;;;;;;;;;;;;;;;;;;;;;;;;;;;;;;;;;;;;;;;;;;;;;;;;;;;;;;;;;;33;34;34;32;32;31;33;35;31;32
brn001;brn001;21;16;23;22;20;18;16;16;18;19;19;18;17;18;;20;28;28;25;20;29;29;32;29;30;31;30;29;28;28;29;26;31;31;28;30;32;30;32;32;31;31;31;32;32;32;29;32;32;32;32;32;31;32;30;32;32;31;31;30;32;32;31;31;31;31;31;32;32;32;;;;;;;;;;;;;
brn002;Baarn;;;;;;;;;;;;;;;;;;;;;;;;;;;;;;;;;;;;;;;;;;;;;;;;;;;;;;;;;;;;;;;;;;;;;;24;33;53;39;45;39;43;45;43;35;37;42;38;35
bsd001;Beesd;5;5;4;4;4;5;3;2;2;4;4;6;6;6;6;6;6;6;5;4;5;5;5;5;6;6;6;6;6;6;6;6;6;6;6;6;6;5;6;6;5;5;6;6;6;6;6;6;6;6;6;6;6;6;6;6;6;6;6;6;6;6;6;6;6;6;6;6;6;6;6;6;6;6;6;6;6;6;6;6;6;6;6
bsk001;Boskoop;;;;;;;;;;;;;;;;;;;;;;;;;;;;;;;;;;;;;;;;;;;;;;;;;;;;;;;;;;;;;;;;;;;;;;;;;;;;;4;4;4;4;4;4;6
bsmz001;Bussum Zuid;;;;;;;;;;;;;5;5;5;5;6;4;4;4;4;4;4;4;4;4;4;4;4;4;4;4;4;4;4;4;4;5;4;4;4;4;4;4;4;4;4;4;4;4;4;4;4;4;4;4;5;4;4;4;4;4;4;4;4;4;4;4;4;4;4;4;4;4;4;4;4;4;4;4;4;10;16
btl001;Boxtel;14;15;15;14;14;17;10;10;10;9;15;16;13;11;10;9;8;17;15;14;13;16;16;13;16;16;15;18;18;20;15;13;22;23;26;26;21;18;20;21;23;24;23;20;18;20;20;20;20;20;20;21;20;21;20;20;20;18;19;21;20;20;21;22;20;21;21;21;20;21;21;23;21;21;20;21;22;20;21;20;20;20;20
btl003;Veghel;5;5;6;6;6;6;6;6;5;6;6;6;6;8;8;8;8;8;8;8;8;8;8;8;8;8;8;8;7;8;8;8;8;8;8;7;8;8;8;8;8;8;7;8;8;7;8;8;8;8;8;8;7;8;8;8;8;8;8;7;7;8;8;8;8;8;8;8;8;8;8;8;8;8;8;8;8;7;8;8;8;8;8
btl004;Boxtel - Kluis;;;;14;13;12;10;10;8;8;8;6;6;4;6;7;4;6;13;14;12;12;14;13;15;15;16;16;13;14;16;16;16;15;16;14;15;15;15;14;13;11;12;17;17;17;15;16;15;16;17;16;15;14;14;16;13;14;15;16;16;15;14;15;15;14;15;16;16;16;16;16;16;13;15;14;15;15;12;14;13;16;14
bv002;Beverwijk;38;38;40;42;41;39;39;38;37;;;;;;;32;33;45;48;55;55;56;54;57;55;62;67;71;69;66;64;62;58;59;;;64;64;63;51;50;50;50;49;52;52;51;51;51;52;51;51;50;50;52;55;50;51;49;50;50;52;51;50;71;46;93;46;45;47;47;57;61;53;58;58;59;59;57;58;55;59;57
cas001;cas001;28;29;25;21;23;18;21;22;21;31;33;31;29;21;22;26;26;27;19;24;32;32;32;25;28;27;25;25;32;26;26;28;28;27;29;29;29;28;31;32;31;23;24;32;32;31;32;31;32;32;29;30;31;29;45;55;59;59;63;62;64;64;66;64;56;59;55;54;55;60;54;;;;;;;;;;;;
cas002;Castricum;;;;;;;;;;;;;;;;;;;;;;;;;;;;;;;;;;;;;;;;;;;;;;;;;;;;;;;;;;;;;;;;;;;;;;;62;59;61;63;64;57;55;54;54;56;58;59;61
ck001;Cuijk;20;18;18;19;19;19;18;16;17;18;18;19;20;21;19;16;12;12;29;27;24;26;30;30;31;31;31;32;30;29;24;20;21;21;18;19;20;18;20;20;21;23;20;20;21;17;18;20;20;20;20;20;20;20;20;19;20;20;20;20;20;20;20;20;21;19;19;18;20;19;22;20;20;18;20;18;19;20;19;21;18;18;18
cl001;cl001;33;30;22;25;27;24;22;30;31;27;29;50;49;41;40;45;41;88;82;67;63;63;58;;;;;;52;47;35;39;12;9;11;10;9;16;8;8;9;22;13;20;18;15;17;11;19;12;11;21;19;25;31;26;25;21;21;0;;;;;;;;;;;;;;;;;;;;;;;
cl002;cl002;;;;;;;;;;;;;;;;;;;;;;;;;;;;;;;;31;29;29;29;27;32;27;31;32;32;32;28;31;31;32;32;32;32;32;32;30;31;31;32;30;32;26;27;28;29;29;31;30;31;26;29;28;26;26;26;29;31;31;24;;;;;;;;
cl003;Culemborg;;;;;;;;;;;;;;;;;;;;;;;;;;;;;;;;;;;;;;;;;;;;;;;;;;;;;;;;;;;;;;;;;;;;;;;;;;;36;30;19;23;29;28;27;30;31
db001;Driebergen-Zeist;52;53;54;54;50;49;48;46;50;55;59;54;54;56;56;55;64;58;63;65;65;66;78;87;85;85;88;78;82;83;81;81;83;85;;;82;87;112;112;106;92;99;104;100;97;102;114;114;114;111;112;109;108;149;143;142;138;150;141;147;148;145;145;248;124;128;127;133;131;141;137;146;143;145;151;139;132;149;147;140;148;149
db002;Zeist;12;13;20;21;21;15;20;21;23;13;12;14;14;19;18;16;11;21;24;22;21;24;23;22;23;23;24;24;23;23;23;20;21;23;23;23;20;23;24;24;24;24;24;20;23;24;23;24;24;24;24;24;24;23;23;24;24;24;23;24;24;24;24;24;24;24;24;24;24;24;24;24;24;24;24;24;24;24;24;24;24;24;25
db003;OV-ebike Driebergen-Zeist;;;;;;;;;;;;;;;;;;;;;;;;;;;;;;;;;;;;;;;;;;;;;;;;;;;;;;;;;;;;;;;;;;;;;;30;30;30;30;28;29;28;33;29;26;28;27;29;28
ddn001;Delden;2;2;2;2;2;4;3;4;4;3;4;4;4;4;4;4;4;4;4;4;4;4;3;3;3;3;3;3;4;4;4;4;4;4;4;4;4;4;4;4;4;4;4;4;4;4;4;4;4;4;4;4;4;4;4;4;4;8;10;4;4;4;4;4;4;4;4;4;4;4;4;4;4;4;4;4;4;4;4;4;4;4;5
ddr001;Dordrecht;50;51;52;53;61;56;61;61;63;64;64;63;64;62;61;63;58;59;60;65;66;66;75;69;69;73;71;64;63;74;72;40;70;79;82;83;86;86;87;86;85;76;76;71;70;72;71;73;70;73;76;74;72;86;87;78;85;86;87;85;89;85;82;87;53;48;47;56;53;52;50;55;55;57;64;66;61;62;57;59;51;57;69
did001;Didam;14;14;17;17;18;17;17;17;16;15;14;17;19;19;18;17;15;14;13;13;4;4;5;6;6;6;5;5;5;6;6;6;5;5;6;6;6;5;6;6;6;6;6;6;6;6;6;6;6;6;6;6;6;6;6;6;6;8;10;6;6;6;6;6;6;6;6;6;6;6;6;6;6;6;6;6;6;6;6;6;31;8;8
dl001;Dalfsen;3;3;4;4;4;4;4;3;3;3;3;3;3;3;3;3;2;4;4;4;3;3;4;4;4;4;3;3;4;4;4;4;4;4;4;4;4;4;4;4;4;4;4;4;4;4;4;4;4;4;4;4;4;4;4;4;4;4;4;4;4;4;4;4;4;4;4;4;4;4;4;4;4;4;4;4;4;4;4;4;4;4;8
dld001;Den Dolder;6;6;6;6;6;6;6;6;6;6;6;4;6;6;6;6;6;4;3;6;6;6;6;6;6;5;6;6;6;5;6;6;6;5;6;6;7;7;6;6;6;6;6;6;6;6;6;6;6;6;6;6;6;6;6;6;6;6;6;6;6;6;6;6;6;6;6;6;6;6;6;6;6;6;6;6;6;6;6;6;6;6;5
dmn001;Diemen;4;4;3;2;4;3;4;4;3;4;7;5;5;5;5;5;4;5;4;5;4;3;4;4;4;4;3;4;3;4;4;4;4;4;3;4;4;4;4;4;4;3;4;4;4;4;4;4;4;4;4;4;4;4;4;4;5;4;4;4;4;4;4;4;4;4;4;4;3;4;3;4;4;4;3;4;4;4;4;4;4;4;4
dmnz001;Diemen Zuid;4;4;4;3;3;2;3;2;3;4;3;4;4;2;3;3;4;4;4;4;4;4;4;4;4;4;4;4;2;4;4;4;4;3;3;4;4;4;4;4;4;4;4;4;4;4;4;4;4;4;4;4;4;4;3;4;4;4;4;4;4;4;4;4;4;3;4;4;4;4;4;4;4;4;4;4;4;3;4;4;4;4;5
dn001;Deurne;1;4;4;4;3;3;4;3;2;3;4;5;3;4;3;3;2;3;4;4;2;2;3;3;3;3;3;3;4;5;4;4;4;4;4;4;4;4;3;4;4;4;4;4;4;4;4;4;4;4;4;4;4;4;4;4;4;4;4;4;4;4;4;4;4;4;4;4;4;4;4;4;4;4;4;12;14;9;9;10;7;9;7
dr001;Dieren;3;3;3;3;3;3;4;5;4;4;3;5;4;5;6;5;4;4;2;5;6;4;5;5;6;6;6;5;5;6;6;5;6;6;5;4;4;5;4;4;6;6;6;5;5;5;6;6;5;5;6;6;6;5;6;6;6;6;6;6;6;6;6;6;5;6;5;5;6;6;6;6;5;6;6;6;6;6;5;5;6;12;9
drh001;Driehuis;5;3;6;6;3;2;3;1;4;4;7;7;7;7;7;5;4;6;7;7;8;8;8;8;8;8;8;8;8;8;8;8;8;8;8;8;7;7;8;8;7;7;7;8;8;8;8;8;8;8;8;8;8;8;8;8;8;8;8;8;8;8;9;8;8;8;8;8;8;8;8;8;7;8;8;8;8;8;8;8;8;8;9
drh901;drh901;9;9;19;;;;;;;;;;;;;;;;;;;;;;;;;;;;;;;;;;;;;;;;;;;;;;;;;;;;;;;;;;;;;;;;;;;;;;;;;;;;;;;;
dron001;Dronten;7;8;8;8;7;7;6;6;6;5;6;8;8;7;7;5;7;8;8;8;6;7;7;7;6;6;6;6;7;8;8;8;8;8;8;7;8;8;8;8;8;7;6;6;8;7;8;8;8;8;8;8;8;8;7;7;7;8;7;7;8;8;8;8;7;7;8;7;8;8;7;7;8;8;8;8;7;6;8;7;7;6;7
dt002;Delft, Fietsenstalling;219;195;235;287;276;249;244;246;221;233;231;217;213;219;228;205;225;262;278;273;231;233;235;443;259;254;237;253;266;235;302;307;300;307;306;293;320;332;384;380;368;367;366;382;340;379;376;385;390;383;375;376;361;369;334;316;158;230;330;357;370;360;334;315;331;312;323;335;312;312;312;332;324;312;330;312;312;312;312;312;312;295;312
dtc001;Doetinchem;6;6;4;4;3;4;5;6;6;6;4;4;3;6;6;6;4;6;6;5;4;4;6;6;6;6;6;5;5;3;5;5;6;6;6;6;6;5;6;6;6;5;5;6;6;6;6;6;6;6;6;6;5;6;6;6;6;6;6;6;6;6;6;6;5;6;6;6;6;6;6;6;6;6;6;6;6;6;6;6;5;6;5
dtch001;Doetinchem de Huet;6;6;5;5;4;4;3;3;1;2;6;6;4;4;6;6;4;4;4;5;4;6;6;5;6;6;6;6;4;5;5;6;6;6;6;6;6;6;6;6;6;6;6;6;6;6;6;6;6;6;6;6;6;6;6;6;6;6;6;6;6;6;6;6;6;6;6;7;6;6;6;6;6;6;6;6;6;6;6;6;20;9;21
dtz001;Delft Zuid;2;2;4;2;2;1;2;1;3;3;4;4;4;2;3;3;3;4;3;4;4;4;3;2;2;4;4;4;4;4;4;4;4;;;;;;;;;;;;;;;;;;;;;;0;;;;;;;;;;;;;;;;;;;;;;;;;;;;
dv001;Deventer;84;83;77;70;72;71;70;79;76;76;72;;80;85;92;87;132;137;135;134;145;125;197;205;204;208;200;207;128;124;134;135;136;135;133;138;139;126;137;132;139;137;141;133;130;133;143;149;150;139;144;140;139;133;130;127;132;132;130;127;135;136;130;127;126;123;116;124;117;132;132;128;132;127;131;227;118;145;147;152;133;141;150
dv002;dv002;5;5;5;5;5;5;5;4;4;4;4;4;5;5;2;4;4;4;3;3;4;6;12;13;13;13;13;12;;;;;;;;;;;;;12;12;12;12;12;12;;;;;;;;;;;;;;;;;;;;;;;;;;;;;;;;;;;;;
dv003;Deventer Boerhavelaan;7;6;8;8;9;7;7;6;6;6;6;6;6;2;3;2;3;3;5;5;4;7;22;21;23;25;25;24;23;20;22;20;18;19;21;22;20;20;20;19;20;22;22;20;20;20;20;21;20;20;20;21;20;21;20;20;20;21;21;22;21;20;22;21;20;20;21;21;22;21;21;20;19;21;21;21;20;20;20;20;20;19;20
dvc001;dvc001;3;4;4;4;4;4;3;3;2;1;1;3;1;1;2;3;2;;;;;;;;;;;;;;;;;;;;;;1;3;4;3;4;4;4;3;4;4;4;;;;;;;;;;;;;;;;;;;;;;;;;;;;;;;;;;
dvd001;Duivendrecht;4;3;3;3;4;3;4;3;2;2;4;4;3;4;4;4;4;4;4;4;4;4;4;4;3;4;4;4;4;4;4;4;4;4;3;4;3;4;4;4;4;4;4;4;4;4;4;4;4;4;4;4;4;4;4;4;4;4;4;4;4;3;4;4;4;4;4;4;4;4;4;4;4;3;4;4;4;4;4;4;4;3;4
dvn001;Duiven ;;;;;;;;;;;;;;;;;;;;;;20;19;22;23;24;25;19;19;19;23;26;23;21;23;22;22;20;23;16;20;26;25;23;25;24;20;22;20;20;20;20;21;21;20;20;22;21;21;22;21;21;20;23;23;22;25;20;20;19;21;20;20;20;20;22;20;20;21;19;20;20;20
dvnk001;Leiden de Vink;2;3;4;2;4;4;2;2;0;1;2;2;3;1;4;3;4;4;4;4;4;4;4;4;4;3;3;4;4;4;1;4;4;4;4;4;4;4;4;4;4;4;4;4;4;4;4;4;4;4;4;4;4;4;4;4;4;4;4;4;4;4;4;4;4;4;4;4;4;4;4;4;4;4;4;4;4;4;4;4;4;4;8
dz001;Delfzijl;4;4;4;4;4;4;4;4;4;4;3;4;4;4;4;4;3;3;4;4;4;4;4;4;3;3;4;3;4;4;4;4;4;4;4;4;4;4;4;4;4;4;4;4;4;4;4;4;4;4;4;4;4;4;4;4;4;4;4;4;4;4;4;4;4;4;4;4;4;4;4;3;3;4;4;4;4;4;4;4;4;7;10
ec001;Echt;5;5;4;4;4;4;5;5;4;5;7;6;5;5;5;5;4;6;4;6;6;6;6;6;6;6;6;5;6;6;6;6;6;4;5;5;6;6;6;6;6;6;6;5;5;5;6;6;6;5;6;6;6;6;6;6;6;6;6;6;6;6;6;6;6;4;5;6;6;6;6;6;6;6;6;6;10;9;11;8;9;10;12
ed001;Ede-Wageningen Zuidzijde;90;86;78;81;85;73;60;67;61;65;67;79;84;80;75;69;84;70;91;92;98;91;90;89;100;104;101;105;118;105;113;122;124;116;127;117;104;146;;;;145;144;132;151;167;172;172;176;179;175;170;165;161;152;161;159;153;194;207;209;210;206;195;191;193;190;191;178;181;172;183;190;177;175;178;181;176;172;178;172;262;182
ed002;Ede-Wageningen Zuidplein;21;24;29;29;26;27;30;21;29;30;30;30;25;32;30;30;30;29;29;32;27;32;32;31;31;32;32;32;32;31;32;32;31;30;29;31;32;31;17;11;16;10;10;10;19;12;;0;0;0;0;0;0;0;0;0;0;32;32;30;28;30;32;32;32;32;32;30;32;32;33;31;31;30;32;30;32;32;29;29;31;28;18
ed901;Otterlo;11;11;16;15;9;13;11;8;10;9;12;12;12;12;12;10;6;4;5;10;7;17;19;19;21;21;20;19;16;19;17;19;18;19;20;20;20;20;20;20;20;20;20;22;20;20;20;20;20;20;20;19;21;21;20;20;21;21;20;20;20;20;20;21;22;20;20;20;20;20;22;22;20;21;21;21;22;20;22;20;20;20;20
ehb001;ehb001;2;2;1;2;3;1;1;2;2;3;2;2;4;4;3;2;2;4;4;4;4;4;4;3;4;4;4;4;3;4;4;4;4;4;4;4;4;4;4;4;4;4;4;4;4;3;3;4;4;4;4;4;4;4;4;3;4;3;4;4;4;4;4;4;4;4;4;4;4;4;4;4;4;3;4;4;4;;;;;;
ehs001;Eindhoven Strijp-S;;;;;;;;;;;;;;;;;;;;;;;;;;;;;;;;;;;;;;;;;;;;;;;;;;;;;;;;;;;;;;;;;;;;;;;;;;;;;4;4;4;3;4;4;6
ehv002;Eindhoven Zuidzijde (centrum);98;93;96;119;134;130;121;121;116;193;173;126;137;135;118;128;120;174;196;198;171;325;212;228;255;287;280;244;249;230;265;270;268;244;233;264;237;258;308;310;283;277;301;299;287;324;311;326;339;323;307;286;271;253;235;204;187;266;262;238;256;222;211;192;226;220;185;205;176;170;288;246;230;212;210;235;208;207;233;200;161;235;147
ehv003;Eindhoven Noordzijde;16;24;21;25;29;27;30;32;33;29;40;41;37;38;40;36;43;48;39;34;46;87;84;79;124;92;97;93;101;103;114;141;112;685;;;;;;;;;;;;;;;;43;48;51;53;53;41;44;54;459;131;85;113;102;97;87;104;86;86;86;175;165;203;126;135;122;128;140;130;188;129;103;93;190;86
ehv004;Eindhoven OV-fiets PopUp (naast AH);;;;;;;;;;;;;;;;;;;;;;;;;;;;;;;;;;;;;;;;;;;;;;;;;;;;;;;;;;;;;;;;;;;;;;;;;;;;;;;;;;278;
ekz001;Enkhuizen;12;14;14;12;12;10;14;15;17;17;16;17;18;17;17;19;19;18;20;21;18;19;20;21;25;26;24;19;18;20;20;24;22;22;22;17;21;21;20;20;19;20;22;21;21;22;21;20;20;20;20;22;20;20;22;22;22;20;20;20;20;20;20;24;20;21;22;20;22;22;20;20;20;20;20;22;21;21;21;21;20;20;20
eml001;Ermelo;;;;;;;;;;;;;;;;;;2;3;7;8;8;8;8;8;7;8;8;8;8;7;8;8;8;6;8;8;8;8;8;7;7;8;7;8;8;7;7;8;8;8;8;7;7;7;7;8;8;8;8;7;7;8;8;8;8;7;7;7;8;7;7;7;6;8;8;8;8;5;7;5;8;8
emn001;Emmen;17;17;17;17;19;19;19;18;18;19;19;19;18;18;18;18;18;14;14;13;13;24;;25;25;35;34;34;38;38;37;35;36;35;35;35;36;36;33;33;33;32;32;32;35;33;33;33;32;32;32;32;32;32;34;31;32;32;32;32;31;31;31;32;31;32;32;32;31;34;32;32;32;32;32;32;31;29;29;29;29;20;29
es001;es001;73;73;75;78;94;87;84;85;76;79;82;86;97;90;80;78;78;65;68;67;61;;;;;;;;;;;;;;;;;;;;;;;8;;;;;;;;;;;;;;;;;;;;;;;;;;;;;;;;;;;;;;;
es002;es002;;;;;;;;;;;;;;;;;;;;;;;;52;57;47;48;50;52;48;41;43;43;44;41;44;47;52;50;49;59;57;42;54;62;56;43;51;64;62;56;59;52;46;60;60;57;55;56;64;59;61;62;64;62;62;61;53;64;62;63;64;62;59;62;;;;;;;;
es003;Enschede;;;;;;;;;;;;;;;;;;;;;;;;;;;;;;;;;;;;;;;;;;;;;;;;;;;;;;;;;;;;;;;;;;;;;;;;;;;91;97;95;92;104;109;93;101;100
est001;Elst;5;5;5;5;5;5;6;6;6;5;8;8;8;8;8;9;7;7;7;8;8;7;8;7;7;8;8;5;7;8;9;8;8;8;7;7;7;8;8;7;8;8;8;8;8;7;8;8;8;8;7;7;8;8;8;8;8;8;8;8;8;8;8;8;8;6;8;7;8;8;8;8;8;8;8;8;8;7;8;8;8;8;8
etn001;Etten-Leur;5;5;5;5;4;4;4;4;3;5;5;5;6;6;6;4;2;6;7;7;7;7;7;6;7;7;7;7;8;8;8;8;8;7;8;8;8;8;8;8;7;8;7;6;8;7;8;8;8;8;8;8;7;7;8;8;8;8;7;8;8;8;8;8;8;8;8;7;7;8;8;8;8;8;7;8;8;12;10;10;7;9;9
gd001;Gouda;94;91;98;104;110;103;99;97;97;93;93;117;122;120;126;118;113;115;110;103;105;133;143;142;159;157;158;153;145;143;;135;138;134;140;152;168;172;176;180;185;182;172;169;176;181;179;173;176;177;174;174;171;171;166;168;167;171;170;170;171;173;169;174;161;164;167;166;156;165;163;161;164;162;163;163;156;155;196;163;151;154;157
gdg001;Gouda Goverwelle;2;2;2;2;4;4;4;4;3;4;4;4;4;4;3;4;4;4;4;4;4;3;4;4;4;4;4;4;4;4;4;4;4;4;4;4;4;4;4;4;4;4;4;4;4;4;4;4;4;4;4;4;4;4;4;4;4;4;4;4;4;4;4;4;4;4;4;4;4;4;4;4;4;4;4;4;4;4;4;4;4;4;7
gdm001;Geldermalsen;4;3;4;2;5;4;5;6;6;5;6;6;4;3;6;4;6;5;6;6;6;6;5;6;6;6;4;5;5;6;6;6;6;6;6;5;6;5;5;6;6;6;6;6;6;6;6;6;6;6;6;6;6;6;5;6;6;6;6;6;6;6;6;6;6;5;6;5;5;6;6;6;6;6;6;6;6;6;5;5;6;6;8
gerp002;Openbare fietsenstalling gemeente Groningen : Fietsenstalling Europapark;10;9;18;16;17;19;20;20;20;17;13;19;21;18;19;20;19;17;17;12;26;24;28;30;26;38;33;33;24;29;34;35;31;21;;;34;22;24;25;24;20;19;26;24;25;28;28;27;26;27;27;60;25;29;27;23;23;23;27;29;60;62;62;34;26;26;24;23;25;24;23;24;19;24;23;22;22;26;25;22;26;97
gn001;Groningen;236;190;201;311;297;295;305;314;261;263;256;269;266;247;329;331;320;277;351;353;389;465;499;473;495;485;480;479;459;470;514;520;429;456;454;557;630;592;742;752;811;816;771;789;871;932;928;943;964;972;946;960;939;914;904;897;829;812;886;915;941;885;855;855;855;855;855;855;855;855;855;855;855;855;855;855;855;855;855;855;855;519;855
gn002;gn002;4;4;4;3;3;3;3;3;3;2;3;4;4;4;4;4;2;2;4;4;3;3;3;4;4;4;4;3;4;4;4;4;4;;;4;4;;4;;0;0;0;3;;;;;3;3;4;4;4;4;;4;4;4;4;4;4;4;4;4;4;4;4;4;4;4;;;;;;;;;;;;;
gn003;gn003;7;6;6;5;5;3;3;1;1;1;1;3;4;2;1;7;6;5;6;4;5;3;7;7;9;9;8;6;8;8;9;9;8;8;8;8;8;8;7;8;8;8;8;8;8;8;8;8;8;8;8;8;8;8;8;8;8;8;8;8;8;8;8;8;8;8;8;8;8;8;6;;;;;;;;;;;;
gn004;OV-ebike Groningen;;;;;;;;;;;;;;;;;;;;;;;;;;;;;;;;;;;;;;;;;;;;;;;;;;;;;;;;;;;;;;;;;;;;;;;;29;30;27;28;26;26;22;26;30;29;28;28
gnn001;Groningen Noord;8;8;8;8;8;7;6;5;5;8;8;7;7;8;8;8;8;7;8;7;8;7;8;7;8;7;8;8;8;8;8;7;8;9;6;8;8;6;8;5;8;8;8;7;7;8;8;8;8;8;8;8;8;8;8;6;8;7;8;8;8;7;7;8;8;7;7;6;8;8;8;7;7;7;7;7;8;7;8;7;6;7;6
go001;Goor;4;3;3;3;3;3;4;4;4;3;3;3;3;3;3;3;3;3;3;3;3;4;4;4;4;4;4;4;4;4;4;4;4;4;4;4;4;4;4;4;4;4;4;4;4;4;4;4;4;4;4;4;4;4;4;4;4;4;4;4;4;4;4;4;4;4;4;4;4;4;4;4;4;4;4;4;4;4;4;4;4;4;4
gp001;Geldrop;;;;5;4;3;3;2;2;1;0;3;3;4;5;4;3;3;3;8;8;7;8;8;8;8;8;7;8;8;8;8;8;8;8;8;8;8;8;8;7;8;8;8;8;7;8;8;8;8;8;8;8;8;7;8;8;8;8;8;8;8;8;8;8;8;8;9;8;8;8;8;8;8;8;18;8;8;7;9;7;11;13
gr001;Gorinchem;4;4;4;4;4;4;3;4;3;3;3;3;3;2;3;4;6;4;4;4;4;2;4;4;3;2;2;4;4;4;4;4;4;4;4;4;4;4;4;4;4;4;4;4;4;4;4;4;4;4;4;4;3;4;4;3;4;4;4;4;4;4;4;4;4;4;4;4;4;4;4;4;4;3;4;3;4;3;9;10;10;0;6
gr002 ;Sleeuwijk Tol West;;;;;;;;;;;;;;;;;;;;;;;;;;;;;;;;;4;4;4;4;4;4;3;3;4;4;4;4;4;4;4;4;4;4;4;4;4;4;4;4;4;4;4;4;4;3;3;3;3;3;3;3;3;3;3;3;3;3;3;3;3;3;3;3;3;3;3
gs001;gs001;;;;16;15;18;17;14;12;15;17;19;17;18;18;19;18;12;;;;;;;;;;;;;;;;;;;;;;;;;;;;;;;;;;;;;;;;;;;;;;;;;;;;;;;;;;;;;;;;;
gs002;gs002;;;;;;;;;;;;;;;;;;;;22;25;27;28;29;31;31;30;30;26;28;31;28;29;29;28;28;32;28;29;31;31;28;30;27;30;30;28;30;31;31;32;32;32;31;28;28;32;30;29;31;31;32;29;30;32;28;29;30;30;29;30;30;30;29;29;;;;;;;;
gs003;Goes;;;;;;;;;;;;;;;;;;;;;;;;;;;;;;;;;;;;;;;;;;;;;;;;;;;;;;;;;;;;;;;;;;;;;;;;;;;29;30;29;24;26;32;27;27;27
gv001;Den Haag HS;36;45;47;40;54;62;63;75;49;37;50;57;40;30;23;46;62;83;71;90;99;98;69;63;70;79;76;79;76;79;86;67;85;62;63;68;76;73;84;91;78;64;55;68;74;79;86;92;87;91;87;86;86;80;75;75;75;74;82;85;89;87;82;78;78;88;76;72;70;74;74;73;78;78;79;76;81;67;78;69;69;68;70
gvc001;Den Haag Centraal Stichthage;311;291;361;518;514;509;430;451;437;439;406;445;428;379;391;385;438;418;364;556;564;547;724;734;766;769;776;695;688;635;641;683;669;665;682;746;720;758;838;841;837;818;748;646;716;744;726;710;719;744;752;785;735;634;634;643;626;558;489;444;496;418;387;387;387;387;387;387;387;387;387;387;387;387;387;387;387;387;387;387;719;773;779
gvc002;gvc002;13;10;7;4;6;11;8;;;;;;;;;;;;;;;;;;;;;;;;;;;;;;;;;;;;;;;;;;;;;;;;;;;;;;;;;;;;;;;;;;;;;;;;;;;;
gvc003;gvc003;13;4;1;3;1;1;2;;;;;;;;;;;;;;;;;;;;;;;;;;;;;;;;;;;;;;;;;;;;;;;;;;;;;;;;;;;;;;;;;;;;;;;;;;;;
gvc004;gvc004;18;22;16;11;15;17;11;;;;;;;;;;;;;;;;;;;;;;;;;;;;;;;;;;;;;;;;;;;;;;;;;;;;;;;;;;;;;;;;;;;;;;;;;;;;
gvc005;gvc005;6;7;7;9;11;7;5;;;;;;;;;;;;;;;;;;;;;;;;;;;;;;;;;;;;;;;;;;;;;;;;;;;;;;;;;;;;;;;;;;;;;;;;;;;;
gvc006;gvc006;4;3;5;5;5;3;4;;;;;;;;;;;;;;;;;;;;;;;;;;;;;;;;;;;;;;;;;;;;;;;;;;;;;;;;;;;;;;;;;;;;;;;;;;;;
gvc007;gvc007;2;3;3;4;4;6;4;;;;;;;;;;;;;;;;;;;;;;;;;;;;;;;;;;;;;;;;;;;;;;;;;;;;;;;;;;;;;;;;;;;;;;;;;;;;
gvc008;gvc008;21;;;;;;;;;;;;;;;;;;;;;;;;;;;;;;;;;;;;;;;;;;;;;;;;;;;;;;;;;;;;;;;;;;;;;;;;;;;;;;;;;;
gvc021;Den Haag Centraal Koningin Julianaplein;;;;;;;;;;;;;;;;;;;;;;;;;;;;;;;;;;;;;;;;;;699;785;774;771;741;736;736;726;760;759;776;769;850;833;726;833;947;925;760;582;740;741;716;697;559;665;694;701;749;777;842;837;771;843;833;811;584;626;621;584;;
gvc901;Nootdorp;4;4;4;4;4;3;2;3;4;4;4;4;4;4;4;4;4;3;4;4;4;4;4;4;4;4;3;3;4;4;4;4;4;4;4;4;4;4;4;4;4;4;3;3;4;3;4;4;4;4;4;4;4;4;4;4;4;4;4;4;4;4;4;4;4;4;4;4;4;4;4;4;4;4;4;4;4;4;4;4;4;8;5
gvm001;Den Haag Mariahoeve;3;3;3;3;2;2;1;2;3;3;3;2;3;3;3;3;3;3;3;3;3;3;3;3;3;3;3;3;3;3;3;3;3;3;3;3;3;3;3;2;3;3;3;3;2;3;3;3;3;3;3;3;3;3;3;3;3;3;3;3;3;3;3;3;3;3;3;3;3;3;3;3;3;3;3;3;3;3;3;3;3;6;9
gz001;Gilze Rijen;6;6;7;4;4;5;5;4;4;4;4;4;2;7;7;7;6;5;5;7;8;8;9;8;9;9;9;9;8;9;9;8;8;8;8;8;8;8;8;8;7;8;8;7;8;8;6;8;8;8;8;8;8;8;8;8;8;8;8;8;8;8;8;8;8;8;8;7;8;8;8;8;8;8;8;6;8;7;8;8;7;8;10
had001;had001;19;19;17;16;13;8;5;5;8;7;2;2;3;3;1;28;0;0;;;;;;;;;;;;;;;;;;;;;;;;;;;;;;;;;;;;;;;;;;;;;;;;;;;;;;;;;;;;;;;;;
had002;Heemstede-Aerdenhout;;;;;;;;;;;;;;;;;;11;18;26;32;32;32;31;32;31;30;32;29;30;30;29;31;28;30;32;32;30;32;32;31;32;30;30;32;32;31;32;31;32;31;32;31;30;30;29;30;29;30;30;31;31;31;31;29;27;29;29;28;29;31;30;30;25;31;30;32;31;26;26;27;27;30
hd001;Harderwijk;28;28;26;26;25;25;28;24;23;24;24;24;26;28;29;32;32;33;34;33;34;34;41;39;41;42;41;39;39;46;51;48;56;55;57;53;54;55;58;57;60;58;57;49;42;47;46;45;45;50;48;48;46;41;44;42;45;44;43;70;46;52;54;50;50;48;43;47;44;45;51;58;61;58;57;56;58;50;58;49;51;55;66
hdb001;Hardenberg;6;6;6;6;6;6;6;5;5;5;5;5;6;6;6;5;5;3;5;5;5;6;6;6;6;6;6;6;5;6;6;6;6;6;6;6;6;6;6;6;6;6;5;6;6;6;6;6;6;6;6;6;6;6;5;6;6;5;5;6;6;6;6;5;6;6;6;6;6;6;6;6;6;4;6;6;4;5;5;6;6;5;10
hde001;'t Harde;;;;;;;;;;;;;;;;;;;;;7;7;7;7;7;7;7;8;8;8;8;8;6;6;7;7;5;7;7;7;8;8;8;8;8;8;8;8;8;7;8;8;8;8;7;8;8;8;8;8;8;8;8;8;8;8;8;6;8;7;8;8;8;7;8;7;8;8;7;8;7;8;11
hdr001;hdr001;25;25;28;27;28;28;30;29;34;34;38;38;38;39;38;39;40;;;;;;;;;;;;;;;;;;;;;;;;;;;;;;;;;;;;;;;;;;;;;;;;;;;;;;;;;;;;;;;;;;
hdr002;Den Helder;;;;;;;;;;;;;;;;;;;;;;;;;;;;;;;;;;;;;;;;;;;;;;;;;;;;;;;;;;;;;;;;;;;;;;;28;31;31;25;29;29;27;25;31;31;27;29;30
hdr003;hdr003;;;;;;;;;;;;;;;;;;19;31;28;24;31;31;30;29;24;30;28;26;23;29;32;32;30;32;31;31;30;32;32;30;24;27;27;29;32;30;32;32;32;30;30;31;32;28;29;28;31;31;30;32;28;26;27;28;30;28;25;26;29;29;;;;;;;;;;;;
hdrz001;Den Helder Zuid;4;3;5;5;5;4;4;4;3;4;4;5;6;4;4;3;3;7;5;5;7;7;4;4;7;7;6;8;7;8;6;6;7;8;8;7;8;7;8;8;8;8;8;8;8;8;8;8;8;8;8;8;8;8;8;8;8;8;8;8;8;8;8;8;8;7;8;8;8;8;8;8;8;8;8;8;7;8;8;8;8;8;8
hfd001;hfd001;2;2;17;15;18;18;17;15;15;17;20;23;25;23;30;29;26;23;19;24;23;25;27;26;23;25;26;23;28;30;31;30;29;43;56;59;59;56;59;57;55;55;56;57;58;59;59;57;57;57;57;57;57;57;57;57;56;57;56;55;55;57;55;53;62;63;61;61;62;62;62;;;;;;;;;;;;
hfd002;Hoofddorp;;;;;;;;;;;;;;;;;;;;;;;;;;;;;;;;;;;;;;;;;;;;;;;;;;;;;;;;;;;;;;;;;;;;;;;60;64;66;58;62;61;61;62;62;61;58;60;58
hgl001;hgl001;32;31;27;22;26;23;22;23;20;18;19;28;20;17;22;16;16;17;15;14;22;23;30;31;26;31;30;31;31;31;31;31;29;31;32;26;26;31;30;32;30;30;32;32;31;32;31;30;27;31;30;31;29;30;31;30;29;27;28;30;30;30;28;28;28;27;27;32;32;30;29;27;30;;;;;;;;;;
hgl002;Hengelo;;;;;;;;;;;;;;;;;;;;;;;;;;;;;;;;;;;;;;;;;;;;;;;;;;;;;;;;;;;;;;;;;;;;;;;;;;26;26;27;24;28;24;24;26;25;26
hglg001;Hengelo Gezondheidspark;3;3;3;2;1;6;6;5;0;0;4;5;5;5;5;6;6;5;5;6;6;6;5;5;5;6;6;6;6;6;6;6;6;6;6;6;6;6;6;6;6;6;6;6;6;6;6;6;6;6;6;6;6;6;6;6;5;6;4;6;6;6;6;6;6;6;6;6;6;6;6;6;6;6;6;6;6;6;6;6;6;10;9
hgv001;hgv001;12;9;15;15;12;13;12;10;10;14;9;12;8;9;1;4;3;3;4;2;3;1;1;;;0;0;1;2;1;2;0;;;;;;;;;;;;;;;;;;;;;;;;;;;;;;;;;;;;;;;;;;;;;;;;;;;
hgv002;hgv002;;;;;;;;;;;;;;;;;;;;;;;;;;;;;;;;30;30;28;28;31;28;30;31;30;27;23;27;30;31;30;32;32;29;32;31;32;32;31;31;30;30;29;28;29;30;31;31;31;32;27;28;31;31;29;28;30;32;27;28;;;;;;;;
hgv003;Hoogeveen;;;;;;;;;;;;;;;;;;;;;;;;;;;;;;;;;;;;;;;;;;;;;;;;;;;;;;;;;;;;;;;;;;;;;;;;;;;31;30;29;26;31;32;30;30;32
hgz001;Hoogezand Sappemeer;4;4;4;4;4;4;4;4;4;2;2;2;2;2;2;2;3;3;4;4;4;4;4;4;4;4;4;4;4;4;4;4;4;4;4;4;4;4;4;4;4;3;4;4;4;4;4;4;4;4;4;4;4;4;4;4;4;4;4;4;4;4;4;4;4;4;4;4;4;4;4;4;4;4;4;4;3;4;4;4;18;10;12
hil001;Hillegom;1;1;1;2;2;3;3;3;3;2;3;2;3;3;3;3;4;3;2;3;3;2;4;3;4;3;3;3;3;3;4;3;3;3;3;3;3;3;3;3;3;3;3;3;3;3;3;3;3;3;3;3;3;3;3;3;3;3;3;3;3;3;3;4;3;3;3;3;3;3;3;3;3;3;3;3;3;3;3;3;3;6;7
hk001;Heemskerk;5;4;6;4;4;4;6;6;5;5;8;8;8;7;7;5;4;5;8;7;8;8;8;8;8;8;8;7;8;7;8;7;8;7;8;7;8;8;8;8;8;8;8;8;8;8;8;8;8;8;8;8;8;8;8;8;8;8;8;8;8;8;8;8;8;8;8;8;8;8;8;8;8;8;8;8;8;8;8;8;7;7;10
hks001;Hoogkarspel;3;3;3;2;2;2;3;3;3;1;1;3;3;3;4;4;3;2;3;4;4;3;4;4;4;4;4;4;4;3;3;2;3;3;4;4;3;4;4;4;4;4;4;4;4;4;4;4;4;4;4;4;4;4;4;4;4;4;4;4;4;4;4;4;4;4;4;4;4;4;4;4;4;4;4;4;4;4;5;5;4;4;6
hld001;hld001;12;12;12;7;;;;;;;;;;;;;;;;;;;;;;;;;;;;;;;;;;;;;;;;;;;;;;;;;;;;;;;;;;;;;;;;;;;;;;;;;;;;;;;
hlg901;hlg901;;10;10;10;;;;;;;;;;;;;;;;;;;;;;;;;;;;;;;;;;;;;;;;;;;;;;;;;;;;;;;;;;;;;;;;;;;;;;;;;;;;;;;
hlm001;hlm001;164;191;185;199;190;172;184;171;171;170;159;141;154;150;152;149;131;107;175;166;153;276;283;277;273;269;273;249;199;179;209;237;219;213;194;176;239;243;274;276;262;;;;;;;;;;;;;;;;;;;;;;;;;;;;;;;;;;;;;;;;;;
hlm002;Haarlem Fiets Inn;;;;;;;;;;;;;;;;;;;;;;;;;;;;;;;;;;;;;;;;;;249;243;305;300;304;306;309;312;308;314;312;313;287;290;289;672;287;292;298;304;309;293;285;286;287;250;335;314;281;283;285;285;281;290;285;275;269;269;334;270;271;277
hlms001;Haarlem Spaarnwoude;4;4;3;3;2;3;4;4;4;3;1;4;3;2;2;4;3;3;3;3;3;3;4;4;4;4;4;4;4;4;4;4;4;4;4;4;4;4;4;4;4;4;4;4;4;4;4;4;4;4;4;4;4;4;4;4;4;4;4;4;4;4;4;4;4;4;4;4;4;4;4;4;3;4;4;4;4;4;4;4;4;4;13
hlo001;Heiloo;21;20;24;24;25;23;22;24;23;27;23;26;31;31;31;29;21;24;19;23;27;24;30;25;27;24;22;26;20;25;19;18;22;26;20;19;20;20;21;21;24;14;18;20;22;21;23;19;18;21;20;20;21;18;19;18;19;21;19;21;21;19;20;20;19;20;18;20;21;19;18;20;19;19;19;18;18;20;21;16;17;15;18
hm001;Helmond;20;20;25;27;30;27;30;30;19;26;34;34;35;38;39;36;37;21;25;40;37;36;36;36;27;30;39;40;41;48;45;45;45;46;;;47;43;49;48;50;49;49;53;51;52;52;55;55;55;54;48;40;41;40;40;40;38;36;38;28;27;31;29;28;27;24;27;22;27;24;30;27;27;33;31;32;29;24;27;24;25;29
hmbh001;Helmond Brouwhuis;1;1;2;3;3;1;1;1;1;1;0;4;4;3;4;4;4;4;2;3;3;4;4;4;4;4;4;4;4;4;4;4;4;4;4;4;4;4;4;4;4;3;4;4;4;4;4;4;4;4;4;4;4;4;4;4;4;4;4;4;4;4;4;4;4;4;4;4;4;4;4;4;4;4;4;4;4;4;4;4;4;4;10
hmbv001;Helmond Brandevoort;3;3;3;3;2;2;2;2;1;1;1;3;3;3;3;2;1;4;4;3;3;4;3;4;4;3;4;4;4;3;4;4;4;4;4;4;4;4;4;4;4;4;4;4;4;4;4;4;4;4;4;4;4;4;4;4;4;4;4;4;4;4;4;4;4;4;5;4;4;4;4;4;4;4;4;4;4;4;4;4;4;4;4
hmh001;Helmond 't Hout;4;2;3;2;1;0;1;1;1;1;0;4;3;2;2;3;3;3;2;3;3;4;4;4;4;4;4;4;4;4;4;4;4;3;4;4;3;3;4;4;4;3;4;4;4;4;4;4;4;4;4;4;4;4;4;4;4;4;4;4;4;4;4;4;4;4;4;4;4;4;4;4;4;4;4;4;4;4;4;4;4;4;8
hn001;Hoorn;30;29;29;32;34;37;34;36;35;37;39;37;39;39;40;39;53;53;53;51;56;57;60;63;64;66;67;64;62;65;73;69;65;63;59;62;62;60;68;70;73;73;67;70;73;70;75;76;77;69;70;72;69;68;68;67;69;70;67;65;67;68;67;66;67;64;64;70;68;66;66;67;67;66;67;63;67;63;67;65;63;85;72
hnk001;Hoorn Kersenboogerd;7;8;8;9;9;6;5;3;3;4;4;6;6;5;4;5;5;6;6;7;7;6;8;8;8;8;8;8;8;8;7;8;8;8;8;7;8;8;9;8;8;8;8;8;8;8;8;8;8;8;8;8;8;8;8;8;8;8;8;8;8;8;8;8;8;8;8;8;8;8;8;7;8;8;8;8;7;8;8;8;7;11;7
hon001;Holten;;;;;;;;;;;;8;8;8;8;8;8;8;8;8;8;8;8;7;7;7;7;7;7;7;8;7;7;7;8;8;8;8;8;8;8;8;8;8;8;8;8;8;8;8;8;8;8;8;8;8;8;8;8;8;8;8;8;8;8;8;8;8;8;8;8;8;8;8;8;8;8;8;8;8;8;8;8
hor001;Hollandse Rading OV-fiets Carrousel;14;12;17;18;17;18;21;20;18;14;13;13;13;14;16;15;15;14;13;17;17;18;23;24;24;24;24;24;24;24;23;23;24;23;21;21;24;23;24;24;24;24;24;23;24;24;24;24;23;24;24;24;24;24;24;24;22;24;24;24;24;24;25;24;24;24;24;24;23;24;24;24;24;23;24;24;24;24;24;24;24;24;22
hr001;hr001;19;21;21;21;21;19;19;19;19;21;19;20;20;20;18;19;31;32;32;32;31;30;28;30;32;30;30;32;30;30;29;31;28;28;26;29;31;30;32;31;32;31;31;29;31;30;30;30;30;32;32;30;31;28;30;29;28;31;30;29;30;31;29;27;29;27;28;29;29;28;30;;;;;;;;;;;;
hr002;Heerenveen;;;;;;;;;;;;;;;;;;;;;;;;;;;;;;;;;;;;;;;;;;;;;;;;;;;;;;;;;;;;;;;;;;;;;;;27;28;33;33;30;32;30;32;30;31;34;31;38
hr901;hr901;8;7;8;;;;;;;;;;;;;;;;;;;;;;;;;;;;;;;;;;;;;;;;;;;;;;;;;;;;;;;;;;;;;;;;;;;;;;;;;;;;;;;;
hrl001;hrl001;29;28;28;25;22;25;22;18;20;21;16;26;27;25;26;26;22;22;24;22;26;27;30;29;30;30;30;30;32;23;30;32;28;30;31;29;31;31;32;32;32;32;32;31;31;30;32;32;32;32;32;32;32;31;31;29;31;32;32;32;32;32;32;31;30;29;29;31;32;30;30;32;32;29;29;;;;;;;;
hrl002;Heerlen;;;;;;;;;;;;;;;;;;;;;;;;;;;;;;;;;;;;;;;;;;;;;;;;;;;;;;;;;;;;;;;;;;;;;;;;;;;32;38;31;31;32;31;29;33;34
hrn001;hrn001;7;7;7;7;7;7;7;7;6;6;5;4;5;5;5;5;5;5;7;7;8;8;7;7;7;7;7;8;8;8;8;8;8;8;8;8;8;8;8;8;8;8;8;8;8;8;8;8;8;8;8;8;8;8;8;8;8;8;8;8;8;8;8;8;8;8;8;8;7;7;7;;;;;;;;;;;;
hrn002;Haren;;;;;;;;;;;;;;;;;;1;4;6;6;6;6;6;6;6;6;5;6;6;6;6;6;6;6;6;6;6;6;6;6;6;6;6;6;6;6;6;6;6;6;6;6;6;6;6;6;6;6;6;6;6;6;5;5;6;6;6;6;6;6;6;6;6;6;6;6;6;6;6;6;6;6
hrt001;Horst Sevenum;7;7;6;6;6;5;4;3;3;3;3;1;1;2;3;4;4;3;6;5;6;6;6;6;6;5;6;6;6;6;5;5;6;6;6;6;5;6;5;6;6;6;6;6;6;6;6;6;6;6;6;6;6;6;6;6;6;6;6;6;6;6;7;6;6;6;6;6;6;6;6;6;6;5;6;6;6;23;6;9;9;9;7
ht001;s-Hertogenbosch;211;209;216;192;221;217;224;249;251;262;263;278;274;276;279;259;254;239;243;243;235;284;292;305;324;324;405;409;447;469;476;481;425;408;416;407;433;404;441;438;433;419;373;347;354;378;372;381;378;378;463;456;419;403;355;319;267;180;198;223;215;212;191;210;239;220;213;200;206;188;348;345;331;318;324;322;301;300;254;255;213;188;182
ht002;Waalwijk;;;;;;;;;;;;;;;;;;;;;;;;;;;;;;;;8;8;8;8;8;8;7;7;7;6;6;8;8;8;8;8;8;8;8;8;8;8;8;8;8;8;8;8;8;8;8;8;8;8;8;8;8;8;8;8;8;8;8;8;8;8;8;8;7;8;8;7
htn001;Houten;78;76;81;88;89;89;71;74;74;69;69;;78;78;74;79;82;78;76;83;81;78;100;107;108;118;112;111;109;105;73;79;89;86;;;125;104;90;91;90;92;89;61;79;84;79;69;69;68;70;71;71;92;73;72;71;73;71;71;71;74;72;71;70;70;71;69;71;69;75;70;69;63;68;73;68;68;73;73;74;66;66
htnc001;Houten Castellum;23;39;39;42;39;38;40;45;50;54;53;57;31;34;32;37;34;34;36;36;43;48;54;61;61;63;65;74;79;78;52;56;56;55;;;55;28;29;27;30;28;31;34;30;33;38;40;39;40;39;38;42;43;42;42;43;46;41;44;42;40;44;55;47;41;39;43;40;40;42;40;40;38;43;43;43;41;47;43;47;50;45
htnc002;htnc002;4;4;4;4;4;4;4;4;3;3;;;;;;;;;;;;;;;;;;;;;;;;;;;;;;;;;;;;;;;;;;;;;;;;;;;;;;;;;;;;;;;;;;;;;;;;;
hto001;'s-Hertogenbosch Oost;3;3;4;2;1;4;7;6;6;7;7;7;7;4;4;6;5;5;4;7;8;6;8;8;8;7;7;7;8;8;8;8;8;8;8;8;7;8;8;8;8;8;7;8;8;8;7;8;8;8;7;7;8;6;8;8;8;8;8;8;8;8;8;8;8;8;8;8;8;8;8;8;8;7;8;8;8;8;8;8;8;8;8
hvs001;Hilversum;154;145;144;172;184;184;174;159;194;238;231;238;237;242;241;244;245;224;212;212;215;229;235;243;230;237;248;249;243;241;223;221;276;274;276;279;280;280;301;303;308;295;281;277;272;281;275;279;324;347;371;368;365;359;358;365;356;287;180;179;179;183;181;202;218;221;387;208;193;214;209;210;226;221;234;225;224;215;233;227;223;243;249
hvsp001;Hilversum Sportpark ;10;12;13;14;15;16;15;;15;15;13;;14;14;16;22;20;22;26;25;26;25;24;26;;;;;;;;;25;25;;;19;26;26;27;28;28;27;26;28;26;26;25;26;26;26;26;26;29;26;25;28;25;25;29;27;27;27;29;31;32;30;30;30;31;30;14;15;15;15;15;15;17;16;14;15;15;15
hwd001;hwd001;13;19;5;5;4;11;6;6;2;3;3;0;5;0;0;0;0;0;0;;;;;;;;;;;;;;;;;;;;;;;;;;;;;;;;;;;;;;;;;;;;;;;;;;;;;;;;;;;;;;;;
hwd002;hwd002;;;;;;;;;;;;;;;;;;;;25;23;29;32;32;31;30;32;29;29;31;28;29;31;30;29;31;31;32;31;32;31;28;31;29;28;31;32;32;32;30;31;31;32;30;30;30;30;30;32;32;31;33;38;31;30;29;31;31;31;29;23;;;;;;;;;;;;
hwd003;Heerhugowaard;;;;;;;;;;;;;;;;;;;;;;;;;;;;;;;;;;;;;;;;;;;;;;;;;;;;;;;;;;;;;;;;;;;;;;;37;41;43;35;37;47;42;36;44;39;38;38;34
hwzb001;Halfweg Zwanenburg;4;4;4;3;2;3;1;1;2;2;2;2;4;4;3;3;5;4;5;4;6;5;5;4;4;6;6;6;6;6;6;6;6;6;6;6;6;6;6;6;5;6;6;5;5;6;6;6;6;6;6;6;6;6;6;6;6;6;6;6;6;6;6;6;6;6;6;6;6;6;6;6;6;6;6;6;6;6;6;6;6;10;12
hze001;Heeze-Leende;7;7;7;6;6;6;6;6;4;3;2;2;3;4;4;5;6;6;6;6;6;6;6;6;5;6;6;6;6;4;6;6;5;6;6;6;6;6;6;6;6;5;6;5;6;6;6;6;6;6;6;6;6;6;6;6;6;6;6;6;6;6;6;6;6;6;6;6;6;6;6;6;6;5;7;25;10;10;9;10;7;12;9
klp001;Veenendaal-De klomp;15;15;24;22;22;19;17;14;11;11;17;22;21;19;16;21;22;20;7;17;18;32;32;29;25;22;20;20;22;22;26;26;27;17;29;31;24;27;30;31;32;32;28;31;24;30;29;32;30;31;32;31;30;30;28;29;28;31;31;32;31;30;31;32;29;29;30;31;31;29;29;30;29;27;31;27;31;29;29;28;28;28;27
kma001;Krommenie-Assendelft;1;2;3;3;3;3;3;3;3;3;3;2;4;4;4;4;4;3;4;2;2;3;3;3;4;4;4;4;4;4;4;4;4;3;4;4;4;3;3;2;4;4;4;4;4;4;4;4;4;4;4;4;4;4;4;4;4;4;4;4;4;4;4;4;4;4;4;4;4;4;4;4;4;4;4;4;4;4;4;4;4;7;5
kpn001;kpn001;;;22;24;24;24;24;24;23;22;;;22;22;22;21;23;15;15;16;14;14;14;14;14;14;14;14;14;14;14;;;;;;;;;;;;;;;;;;;;;;;;;;;;;;;;;;;;;;;;;;;;;;;;;;;;
kpn002;kpn002;;;;;;;;;;;;;;;;;;;;;;;;;;;;;;;31;32;32;32;31;31;32;32;32;31;29;30;32;30;32;32;32;32;15;32;31;32;32;32;31;31;32;32;30;32;32;32;32;31;32;31;32;32;30;30;31;;;;;;;;;;;;
kpn003;Kampen;;;;;;;;;;;;;;;;;;;;;;;;;;;;;;;;;;;;;;;;;;;;;;;;;;;;;;;;;;;;;;;;;;;;;;;32;31;32;32;34;34;35;29;29;35;31;32;34
krd001;Kerkrade Centrum;2;2;2;2;1;2;3;1;0;0;3;3;2;3;4;4;4;4;4;4;4;3;4;4;4;4;4;4;4;4;4;4;4;4;4;4;4;3;3;3;3;3;4;4;4;4;4;4;4;4;4;4;4;4;4;4;4;4;4;4;4;4;4;4;4;4;4;4;4;4;4;4;4;4;4;4;15;11;8;10;8;11;12
laa001;Den Haag Laan van NOI;1;2;2;2;3;3;3;3;3;3;3;3;3;2;3;4;3;3;3;3;3;3;3;3;3;3;3;3;3;3;3;3;3;4;3;3;3;4;3;3;3;3;3;3;3;3;3;3;3;3;3;3;3;3;3;3;3;3;3;2;3;3;3;3;3;3;3;3;3;3;3;3;3;3;3;3;3;3;3;3;3;8;5
lc001;Lochem;4;4;4;4;3;3;3;3;3;3;4;4;4;3;4;4;6;5;6;6;5;5;6;6;6;6;5;5;8;8;8;6;7;8;7;7;6;7;7;7;8;8;7;7;7;7;8;8;8;8;8;8;8;7;7;8;8;8;8;7;7;8;8;7;8;6;7;8;8;8;8;8;7;7;8;8;8;8;8;8;8;8;8
ldl001;ldl001;25;26;27;24;27;16;9;17;11;15;16;18;27;28;18;14;18;27;12;;;;;;;;;;;;;;;;;;;;;;;;;;;;;;;;;;;;;;;;;;;;;;;;;;;;;;;;;;;;;;;;
ledn001;Leiden Centraal,Uitgang LUMC;185;146;143;259;267;261;284;317;301;321;308;294;286;294;296;294;299;249;307;277;300;346;364;423;416;397;429;448;459;469;467;463;451;406;487;483;478;484;536;549;540;546;501;528;536;570;592;599;609;574;571;568;582;556;556;526;481;501;530;462;448;457;437;456;458;428;452;481;433;427;458;498;508;466;463;479;437;378;486;477;384;312;378
ledn002;Leiden Centraal, Centrumzijde;63;63;82;66;77;77;64;75;67;76;163;135;78;81;82;94;80;90;92;67;71;87;103;66;81;74;86;225;85;88;81;82;90;82;82;91;72;72;77;;;;60;63;49;59;64;64;66;69;93;79;51;62;58;68;66;73;82;76;76;61;68;84;114;80;80;79;87;86;94;88;74;81;100;90;90;87;83;100;97;69;70
lg001;Landgraaf;3;3;3;3;3;2;4;4;4;4;4;4;4;4;4;4;4;4;4;4;4;3;4;3;3;4;4;4;4;4;4;4;4;4;4;4;4;4;4;5;4;4;4;4;4;4;4;4;4;4;4;4;4;4;4;4;4;4;4;4;4;4;4;4;4;4;4;4;4;4;4;4;4;4;4;4;4;4;4;4;4;14;10
lls001;lls001;22;25;26;26;29;27;24;30;26;27;28;28;27;29;28;28;23;23;21;20;27;27;32;28;26;22;39;23;23;22;17;20;18;21;16;15;19;14;14;14;14;15;15;15;14;13;12;13;;;;;;;;;;;;;;;;;;;;;;;;;;;;;;;;;;;
lls002;lls002;;;;;;;;;;;;;;;;;;;;;;;;;;;;;;;23;29;32;30;31;32;30;32;31;32;32;27;30;30;32;28;32;32;32;30;31;31;30;30;30;25;27;28;26;29;29;29;29;29;29;27;27;24;27;26;;;;;;;;;;;;;
lls003;Lelystad Centrum;;;;;;;;;;;;;;;;;;;;;;;;;;;;;;;;;;;;;;;;;;;;;;;;;;;;;;;;;;;;;;;;;;;;;;16;24;24;25;18;26;25;20;19;22;21;21;25;28
lw001;Leeuwarden;71;70;118;118;116;110;115;113;106;107;104;105;103;118;124;136;154;179;178;189;192;187;183;191;194;189;187;186;202;183;247;202;206;196;189;181;181;173;209;207;204;200;194;188;180;189;192;198;212;214;210;212;208;194;196;203;181;189;188;193;202;200;192;188;186;177;184;384;185;180;190;186;189;177;190;193;182;178;183;185;177;167;186
mas001;mas001;21;23;19;16;14;12;13;17;15;;;;;;;25;26;24;13;30;31;32;32;32;32;32;32;31;30;32;30;31;32;30;31;30;30;31;32;31;30;28;31;32;31;31;31;31;31;32;32;32;32;32;32;32;33;32;33;33;33;33;32;32;32;31;31;31;31;31;;;;;;;;;;;;;
mas002;mas002;8;7;6;6;8;6;6;8;8;7;7;8;8;8;8;8;7;;;;;;;;;;;;;;;;;;;;;;;;;;;;;;;;;;;;;;;;;;;;;;;;;;;;;;;;;;;;;;;;;;
mas003;Maarssen;;;;;;;;;;;;;;;;;;;;;;;;;;;;;;;;;;;;;;;;;;;;;;;;;;;;;;;;;;;;;;;;;;;;;;31;36;38;40;40;38;34;37;37;38;39;35;37;44
mdb001;mdb001;;;;25;18;18;30;24;27;27;28;32;32;29;31;28;28;30;25;26;32;32;32;32;32;31;32;31;31;28;31;25;32;31;29;28;29;22;26;26;27;27;25;30;32;31;28;29;31;32;32;31;31;30;29;29;28;30;31;30;32;31;31;29;24;29;23;26;29;30;28;29;30;27;25;;;;;;;;
mdb002;Middelburg;;;;;;;;;;;;;;;;;;;;;;;;;;;;;;;;;;;;;;;;;;;;;;;;;;;;;;;;;;;;;;;;;;;;;;;;;;;37;41;32;27;29;27;29;27;33
mes001;Meerssen;4;3;4;4;3;3;4;3;4;3;2;4;4;3;3;3;2;3;3;4;3;3;2;2;2;3;3;4;4;4;4;4;4;4;4;4;4;4;4;4;4;4;4;4;4;4;4;4;4;4;4;4;4;4;4;4;4;4;4;4;4;4;4;4;4;4;4;4;4;4;4;4;4;4;4;4;4;4;4;4;4;11;12
mp001;mp001;30;30;30;30;30;25;23;27;25;25;25;25;25;25;25;23;18;27;27;25;27;22;;;30;33;33;26;28;34;34;31;30;32;30;29;31;27;30;31;32;29;29;28;31;31;31;33;31;32;30;32;33;30;31;30;31;30;29;30;32;31;31;28;30;28;29;29;28;26;31;28;27;26;32;;;;;;;;
mp002;Meppel;;;;;;;;;;;;;;;;;;;;;;;;;;;;;;;;;;;;;;;;;;;;;;;;;;;;;;;;;;;;;;;;;;;;;;;;;;;31;25;30;28;28;28;30;31;31
mss001;Maassluis;;18;19;19;19;20;20;20;20;20;19;;20;20;20;20;20;21;;;;;29;29;28;28;29;29;21;22;22;;11;12;;;11;11;12;12;12;12;12;10;8;8;9;9;9;9;9;9;9;9;9;8;10;11;9;10;10;10;10;10;10;10;10;10;10;10;10;10;10;10;10;10;10;10;10;10;10;9;10
mt001;OV-fiets - Maastricht;128;120;122;95;88;83;106;95;90;97;95;204;213;;73;127;177;172;190;188;271;183;279;296;309;291;284;270;263;252;253;215;238;219;232;252;250;230;272;272;274;267;203;190;213;222;228;237;240;250;242;226;233;214;214;185;179;186;227;233;240;220;216;216;216;216;216;216;309;216;216;216;216;216;216;216;216;216;237;246;216;168;223
mt003;OV-ebike Maastricht;;;;;;;;;;;;;;;;;;;;;;;;;;;;;;;;;;;;;;;;;;;;;;;;;;;;;;;;;;;;;;;;;;;1;2;;;;;30;24;27;28;27;26;28;27;28;25;23
mtn001;Maastricht Noord;5;5;5;3;4;4;5;5;3;3;3;4;4;4;5;3;4;7;4;5;5;5;4;4;4;5;6;8;8;8;7;8;8;8;6;8;8;8;8;8;8;8;8;8;8;8;8;8;8;8;8;8;8;8;8;8;8;8;8;8;8;8;8;8;8;8;8;8;8;8;8;8;8;8;8;8;8;9;10;8;9;10;10
mtr001;Maastricht Randwyck;3;2;2;4;4;0;2;5;1;1;0;5;5;5;2;2;2;3;3;4;6;6;6;6;5;5;5;6;6;6;6;7;6;6;6;6;6;4;6;6;6;5;6;6;6;5;6;6;6;6;6;6;6;6;6;5;6;6;6;6;6;6;5;6;6;4;6;6;6;5;6;5;6;6;6;6;6;9;10;12;9;10;8
mz001;Maarheeze;4;4;4;4;4;4;3;4;4;4;4;4;4;;;4;3;4;4;4;4;4;4;4;3;3;4;4;4;4;4;3;4;3;3;3;3;3;4;4;4;4;4;4;4;4;4;4;4;4;4;4;4;4;4;4;4;4;4;4;4;4;5;4;4;4;4;4;4;4;3;4;4;4;4;4;4;4;4;4;4;4;4
ndb001;ndb001;43;40;42;41;44;51;45;45;48;55;60;55;47;65;65;61;;;;;;;;;;;;;;;;;;;;;;;;;;;;;;;;;;;;;;;;;;;;;;;;;;;;;;;;;;;;;;;;;;;
ndb002;ndb002;;;;;;;;;;;;;;;;;54;55;58;56;53;56;59;60;63;63;64;61;62;63;62;59;57;58;57;60;63;57;63;64;62;64;62;56;57;62;61;63;61;64;63;62;61;60;59;60;62;59;61;63;63;64;60;59;56;58;60;56;59;56;57;56;59;;;;;;;;;;
ndb003;Naarden-Bussum;;;;;;;;;;;;;;;;;;;;;;;;;;;;;;;;;;;;;;;;;;;;;;;;;;;;;;;;;;;;;;;;;;;;;;;;;57;63;67;61;69;66;67;69;66;65;62
nkk001;nkk001;5;5;6;6;5;5;5;11;10;10;11;;11;12;11;11;11;12;11;11;13;13;14;14;15;16;16;15;16;16;15;15;15;15;;;16;17;16;15;15;15;14;16;18;16;12;13;13;;;;;;;;;;;;;;;;;;;;;;;;;;;;;;;;;;
nm001;Nijmegen;142;137;146;129;107;;196;140;158;172;169;176;182;177;158;149;144;166;213;185;176;223;211;223;234;242;263;278;305;275;456;399;356;356;350;381;359;335;380;372;383;359;320;289;325;372;375;388;402;390;372;336;347;301;323;316;276;280;298;336;349;336;321;321;321;321;525;381;324;334;374;363;374;395;361;419;321;321;549;321;321;220;321
nmgo001;Nijmegen Goffert;7;7;6;4;5;3;4;6;8;8;8;8;8;6;4;4;4;5;7;7;8;8;7;7;8;8;8;6;7;7;7;6;6;8;7;8;7;8;8;7;8;8;7;8;7;8;8;8;8;8;8;8;8;8;7;7;8;8;8;8;8;8;8;8;8;7;6;6;8;7;7;8;8;7;8;7;6;7;8;8;7;6;6
nmh001;Nijmegen Heyendaal;6;6;5;5;5;4;5;6;6;6;4;4;4;4;8;5;5;7;6;8;5;6;8;8;4;7;6;8;7;7;7;8;8;8;7;7;7;8;8;7;8;8;8;8;7;7;7;7;8;8;8;7;8;8;8;7;7;6;5;6;8;6;7;8;8;5;8;7;6;7;6;7;8;6;7;6;5;5;7;8;5;7;7
ns001;Nunspeet;;;;;;;;;;;;;;;;;;;;;6;7;8;7;7;6;8;8;7;8;7;7;8;8;8;8;8;8;8;7;8;7;8;7;8;8;8;8;8;8;8;8;8;8;8;8;8;8;8;8;8;8;8;8;8;8;8;8;8;8;8;8;8;8;8;8;8;8;8;8;8;8;9
nvd001;Hellendoorn/Nijverdal OV-fiets Carrousel;11;10;16;15;15;13;12;13;13;12;6;5;7;6;7;6;8;14;14;14;12;12;23;23;20;21;21;22;17;20;24;23;23;17;21;22;22;22;23;23;21;25;24;23;22;24;24;24;24;24;24;24;24;24;23;24;24;24;23;24;23;23;24;23;23;22;22;22;23;23;23;23;23;20;24;24;23;24;24;23;22;23;23
o001;o001;20;15;26;25;23;24;21;22;25;27;30;32;32;30;32;32;25;24;25;28;26;28;30;32;32;32;31;32;31;27;27;29;32;29;27;29;27;32;30;29;29;31;31;32;32;29;32;31;31;32;32;31;32;29;29;30;27;26;28;27;29;28;29;29;26;26;27;31;29;25;26;26;29;29;24;;;;;;;;
o002;Oss;;;;;;;;;;;;;;;;;;;;;;;;;;;;;;;;;;;;;;;;;;;;;;;;;;;;;;;;;;;;;;;;;;;;;;;;;;;30;28;22;25;24;30;26;28;25
obd001;Obdam;3;4;4;4;4;3;3;3;3;4;4;4;4;5;3;2;2;2;3;3;3;4;4;3;4;4;4;4;3;4;4;4;3;3;4;4;4;4;4;4;4;4;4;4;4;4;4;4;4;4;4;4;4;4;4;4;4;4;4;4;4;4;4;4;4;4;4;4;4;4;4;4;4;4;4;4;4;4;4;4;4;4;4
odb001;Oudenbosch;;;;;;;;;;;;;;;;5;5;6;5;5;5;7;7;7;7;7;7;7;7;7;8;8;8;8;7;7;8;8;8;8;8;8;8;8;8;8;8;7;8;8;8;8;8;8;8;8;8;8;8;8;8;8;8;8;8;8;7;8;8;8;8;8;8;8;8;8;10;9;7;8;14;4;7
odz001;Oldenzaal;4;4;3;3;3;4;4;4;4;3;1;3;3;4;4;4;3;2;4;4;4;4;4;4;4;3;3;4;3;4;4;4;4;4;3;3;3;4;4;4;4;4;4;4;4;4;4;4;4;4;4;4;4;4;4;4;4;4;4;4;4;4;4;4;4;4;4;4;4;4;4;4;4;4;4;4;4;4;4;3;3;4;4
omn001;Ommen;6;6;6;6;6;6;6;5;4;4;4;5;6;6;6;6;6;6;6;6;6;5;5;5;5;5;5;5;6;6;6;6;6;6;6;5;6;6;6;6;6;5;5;5;6;6;6;6;6;6;6;6;6;6;6;6;6;6;6;6;6;6;6;6;6;6;5;6;6;6;6;5;6;6;6;5;6;6;6;6;6;6;6
ost001;Olst;2;2;4;4;3;3;3;4;4;2;1;3;3;4;4;3;3;3;4;4;4;4;4;4;4;4;4;4;3;4;4;4;4;4;4;4;4;4;4;4;4;4;4;4;4;4;4;4;4;4;4;4;4;4;4;4;4;4;4;4;4;4;4;4;4;4;4;4;4;4;4;4;4;4;4;4;4;4;4;4;8;8;11
ot001;Oisterwijk;;;;7;7;8;3;5;5;5;5;8;8;7;8;7;8;8;6;7;7;8;8;8;8;8;8;7;8;8;7;9;8;8;8;8;8;7;8;8;8;8;8;8;8;6;8;8;8;8;8;8;8;8;7;7;8;8;8;8;8;8;7;8;8;7;8;6;8;8;8;7;8;7;8;7;8;24;10;11;10;12;10
ovn001;Overveen;3;3;4;4;3;2;1;2;2;2;2;3;3;2;2;2;2;4;4;4;4;3;3;4;4;4;4;4;4;4;4;4;4;4;4;4;4;4;4;4;4;4;4;4;4;4;4;4;4;4;4;4;4;4;4;4;4;4;4;4;4;4;4;4;4;4;4;4;4;4;4;4;4;4;4;4;4;4;4;4;4;5;4
ow001;Oss West;6;7;7;7;7;5;6;7;8;8;5;7;7;2;2;3;5;7;8;7;7;8;8;7;7;7;7;8;8;8;8;7;6;8;8;7;8;8;9;8;8;8;8;8;8;8;8;8;8;8;8;8;8;8;8;8;8;8;8;8;8;8;8;8;8;8;8;8;8;8;8;8;8;8;8;8;8;15;11;16;13;11;13
ow002;Uden;7;6;7;5;5;5;6;6;6;7;7;7;6;7;7;7;6;6;6;4;6;6;8;8;8;8;8;7;7;7;8;8;7;8;7;8;8;8;8;8;8;8;8;8;8;8;8;8;8;8;8;8;8;8;8;8;7;7;8;8;7;7;7;8;7;7;8;8;8;8;8;7;8;8;8;8;8;8;8;8;8;8;8
pmo001;Purmerend Overwhere;;;;;;;;;;3;3;3;3;3;4;3;4;4;4;3;2;4;4;4;5;5;5;5;5;5;5;5;5;5;5;5;5;4;4;4;4;4;3;5;5;4;4;5;4;4;5;4;4;4;4;4;4;5;4;4;4;4;4;4;4;4;4;4;4;4;4;4;4;3;3;3;4;4;4;4;3;4;9
pmr001;Purmerend;2;3;3;3;2;1;4;4;3;2;3;;4;4;4;3;3;2;3;4;3;4;4;4;3;3;4;4;4;4;4;5;5;4;4;4;4;4;4;4;4;4;4;4;4;4;4;3;4;4;4;4;4;4;4;4;4;4;4;4;4;4;4;4;4;4;4;4;4;4;4;4;4;4;4;4;4;4;4;4;4;4;4
pt001;Putten;5;5;4;4;6;6;5;4;4;5;5;7;8;8;7;3;2;5;6;7;7;6;7;6;8;8;8;7;8;8;8;8;8;8;8;7;7;8;8;6;7;8;7;8;8;6;8;8;7;8;8;8;8;8;8;8;6;7;10;8;8;8;7;7;8;8;8;8;8;7;7;5;8;7;7;7;7;5;7;8;7;8;7
rai001;Amsterdam RAI;28;32;35;21;25;20;26;31;40;38;32;34;41;46;28;16;20;24;39;;;;;;;;;;;;;;;;;;;;68;58;54;50;52;60;59;64;65;61;60;63;59;59;57;58;54;52;51;51;52;60;60;61;54;54;50;50;50;50;50;50;50;50;52;53;54;50;50;50;50;50;85;60;50
rai002;rai002;;;;;;;;;;;;;;;;;;;;;;;;;;;;;;;;22;27;25;25;29;24;30;26;;;;;;;;;;;;;;;;;;;;;;;;;;;;;;;;;;;;;;;;;;;;
rat001;Raalte;6;6;6;5;3;3;3;2;2;3;3;6;6;6;6;6;5;5;6;3;4;5;4;5;5;5;6;6;6;3;5;5;5;6;6;6;5;5;6;6;6;6;5;6;6;6;6;6;6;6;6;6;;;6;6;6;6;6;6;6;6;6;6;6;6;6;6;6;5;6;6;6;6;6;6;5;6;6;6;6;6;10
rh001;Rheden;6;4;4;1;1;1;3;3;2;2;2;3;3;3;3;4;3;4;6;6;6;6;6;6;6;6;6;6;6;6;6;6;6;6;6;6;6;6;6;6;6;6;6;6;6;6;6;6;6;6;6;6;6;6;6;6;6;6;6;6;6;6;6;6;6;6;6;6;6;6;6;6;6;6;6;6;6;6;6;9;8;9;8
rhn001;Rhenen;;;;;;;;;;;;;;;;;;;;4;4;4;3;3;4;4;4;4;3;4;4;4;4;4;4;4;4;4;4;4;4;4;4;4;4;4;4;4;4;4;4;4;4;4;4;4;4;4;4;4;4;4;4;4;4;4;4;4;4;4;4;4;4;4;4;4;4;4;4;4;4;4;6
rlb001;Rotterdam Lombardijen;8;7;6;5;6;7;6;7;8;8;6;6;7;5;3;2;3;6;6;7;7;7;7;6;6;7;7;7;6;8;8;8;8;8;8;8;8;7;7;7;7;8;8;6;6;8;7;6;8;8;7;8;8;8;7;8;7;8;9;8;8;8;8;7;7;8;7;8;7;8;8;8;8;8;8;8;8;7;8;7;7;7;7
rm001;Roermond;31;30;31;25;25;28;27;28;29;29;29;27;29;30;30;30;40;40;42;45;43;57;60;63;63;64;65;64;68;65;66;65;56;54;53;52;54;57;59;57;58;53;52;50;46;50;49;51;57;60;59;59;58;56;56;54;54;54;60;60;59;60;58;58;56;54;54;55;60;54;55;57;57;54;115;87;62;54;56;59;54;53;60
rs001;Rosmalen;5;4;5;3;5;4;4;3;4;4;4;4;4;5;5;5;5;6;6;6;6;6;6;5;5;4;6;5;6;6;6;5;6;6;6;5;6;6;6;6;6;5;6;6;6;6;6;6;6;6;6;6;6;6;6;6;6;7;6;6;6;6;6;6;6;6;6;6;6;6;6;6;6;2;6;6;17;11;11;11;10;7;9
rsd001;rsd001;16;17;17;18;17;18;17;17;27;27;29;28;28;26;28;26;;;;;;;;;;;;;;;;;;;;;;;;;;;;;;;;;;;;;;;;;;;;;;;;;;;;;;;;;;;;;;;;;;;
rsd002;Roosendaal;;;;;;;;;;;;;;;;;;;;;;;;;;;;;;;;;;;;;;;;;;;;;;;;;;;;;;;;;;;;;;;;;;;;;;;;;;;59;63;54;56;56;57;56;56;59
rsd003;rsd003;;;;;;;;;;;;;;;;;;23;26;26;28;31;31;29;30;29;30;32;30;30;31;32;63;64;89;95;96;91;94;93;93;91;85;81;84;87;88;87;93;96;96;95;96;93;93;91;91;93;91;91;59;54;56;54;58;57;47;58;57;58;55;59;57;57;54;;;;;;;;
rsn001;Rijssen;;;;;;;;;;;;;;;;;;6;6;7;7;8;8;8;8;8;8;8;8;8;8;8;8;8;8;7;7;8;8;7;8;8;8;8;8;8;8;8;8;8;8;8;8;8;8;8;8;8;8;8;8;8;8;8;8;8;8;8;8;8;8;8;8;8;8;8;8;8;8;8;8;9;9
rsw001;rsw001;11;12;21;17;18;20;20;18;17;14;14;22;26;26;28;28;28;29;29;30;32;32;32;32;32;32;32;32;30;31;31;31;30;31;32;31;32;32;32;32;32;32;32;31;32;32;31;32;32;32;32;32;32;32;32;32;32;32;31;32;32;32;32;32;32;32;32;31;32;32;32;32;32;;;;;;;;;;
rsw002;Rijswijk;;;;;;;;;;;;;;;;;;;;;;;;;;;;;;;;;;;;;;;;;;;;;;;;;;;;;;;;;;;;;;;;;;;;;;;;;;36;36;36;34;35;36;33;35;34;55
rta001;Rotterdam Alexander;4;6;8;8;5;4;5;7;7;5;7;9;9;4;8;7;7;9;7;5;7;9;8;7;9;9;8;8;9;9;10;9;8;6;6;7;9;8;6;9;7;8;9;9;8;8;9;11;10;9;9;9;9;8;7;7;8;8;7;9;9;8;8;7;9;8;8;7;8;8;9;9;8;8;8;9;9;9;8;8;9;7;9
rta002;rta002;8;8;8;7;8;6;6;6;6;8;5;9;11;10;10;11;10;13;12;11;13;13;10;17;1;;;;;;;;;;;;;;;;;;;;;;;;;;;;;;;;;;;;;;;;;;;;;;;;;;;;;;;;;;
rta003;Rotterdam Kralingse Zoom;18;13;16;11;15;9;5;4;14;19;24;24;24;22;24;24;20;10;20;21;23;20;22;18;20;23;24;24;17;17;15;22;23;21;18;23;23;21;24;23;23;20;18;18;20;24;23;23;23;25;24;24;24;24;22;24;24;24;22;24;24;22;22;23;24;23;23;23;21;22;23;24;24;21;22;21;23;23;21;21;21;22;22
rtb001;Rotterdam Blaak;19;18;14;18;;18;25;21;27;17;19;27;28;23;22;21;11;23;16;26;26;23;26;22;17;13;15;15;15;19;22;32;18;14;;;15;19;25;26;25;22;16;20;18;21;25;25;24;27;24;25;32;24;26;21;25;25;31;26;26;25;28;21;21;23;22;28;23;20;24;24;20;27;23;25;23;23;20;24;25;19;25
rtd001;Rotterdam Centraal;214;216;274;387;396;390;394;374;400;401;406;415;371;389;377;470;474;432;361;351;336;359;472;480;463;479;533;435;429;462;534;534;439;440;478;596;565;551;660;664;665;649;588;539;546;589;596;620;635;651;647;651;631;593;592;636;627;650;693;724;695;631;595;595;595;595;595;595;595;595;612;672;640;600;640;615;595;595;595;595;595;550;612
rtd003;Rotterdam Fietspunt Wilhelminakade Prinsendam;6;8;15;16;15;16;8;6;11;12;16;16;13;12;12;13;6;11;11;16;10;14;15;11;14;12;15;9;11;12;16;14;14;12;16;16;16;15;14;13;16;15;12;15;13;16;15;15;15;16;16;15;16;15;14;14;13;12;15;14;15;14;15;15;13;14;13;14;14;13;15;16;13;13;14;16;15;15;13;13;14;15;14
rtd004;Rotterdam Fietspunt Marconiplein;14;13;14;11;8;10;8;8;12;15;16;16;11;16;16;15;13;7;13;10;7;11;9;12;15;15;13;15;10;11;10;12;13;16;15;13;13;14;13;14;15;14;15;16;16;14;13;16;16;14;13;16;15;15;12;12;11;14;16;15;14;15;15;16;13;15;12;14;13;14;14;16;14;13;16;13;13;15;15;14;15;14;16
rtd901;rtd901;4;;13;;;14;7;4;2;;;;;;;;;;;;;;;;;;;;;;;;;;;;;;;;;;;;;;;;;;;;;;;;;;;;;;;;;;;;;;;;;;;;;;;;;;
rtd902;rtd902;;;;;;;;;;;;;;;;;;;;;;;;;;;;;;;;;;;;;;;;;;;;;;;;;;;;;;;;;;;;;;;;;;;;;;;;;;;;;;;;;;;
rtd904;Rotterdam Slinge;7;6;6;4;3;3;4;3;3;8;8;8;8;8;7;7;8;8;8;7;7;6;8;7;7;7;8;8;7;8;6;6;8;8;8;8;7;8;8;8;8;7;8;8;7;7;7;7;7;8;8;8;8;8;8;8;7;8;8;8;8;8;8;8;8;8;8;8;8;8;8;8;7;6;7;7;8;7;8;8;8;8;7
rtd905;rtd905;;8;9;9;9;9;7;7;6;7;7;8;8;8;8;8;9;9;9;9;4;10;11;10;10;11;9;10;9;10;11;11;11;11;;;9;8;9;9;9;9;9;9;9;9;9;9;9;9;;;;;;;;;;;;;;;;;;;;;;;;;;;;;;;;;
rtd906;Pijnacker;4;4;2;2;3;3;3;4;4;4;3;3;2;0;2;2;4;5;4;4;4;4;4;3;3;4;4;3;4;4;4;4;4;3;4;4;4;4;4;4;4;4;3;4;4;4;4;4;4;4;4;4;4;4;4;4;4;4;4;4;4;4;4;4;4;4;4;4;4;4;4;4;4;4;4;4;4;4;4;4;4;7;4
rtd907;Pijnacker Zuid;4;4;4;4;4;4;4;3;3;3;3;3;3;3;4;3;3;4;4;3;3;3;3;4;4;4;4;2;4;4;4;4;3;3;4;4;4;4;4;3;3;3;3;3;4;4;4;4;4;4;4;4;4;4;4;4;4;4;4;4;4;4;4;4;4;4;4;4;4;4;4;4;4;4;4;3;4;5;4;4;4;6;7
rtd908;rtd908;4;4;4;4;4;4;4;4;4;4;4;4;3;2;2;2;2;3;4;4;4;3;3;3;;;;;;3;3;;;;;;;;;;;;;;;;;;;;;;;;;;;;;;;;;;;;;;;;;;;;;;;;;;;;
rv001;Reuver;4;4;4;4;4;4;5;4;4;4;3;4;4;4;4;4;4;4;4;4;4;4;3;4;4;4;4;4;4;4;4;4;4;4;4;4;4;4;4;4;4;4;4;4;4;4;4;4;4;4;4;4;4;4;4;4;4;4;4;4;4;4;4;4;4;4;4;4;4;4;4;4;4;4;4;8;9;10;11;12;9;10;9
rvs001;Ravenstein;;;;6;6;4;3;3;3;5;5;5;5;5;4;4;4;7;6;;8;7;7;7;8;8;8;8;8;8;7;8;8;8;8;8;8;8;8;8;8;8;8;7;7;8;8;8;8;8;8;8;8;8;8;8;8;8;8;8;8;8;8;8;8;8;8;8;8;8;8;8;8;8;8;8;8;20;11;10;8;9;10
sd001;Soestdijk;3;1;2;2;2;1;0;0;1;1;1;3;4;2;2;3;3;4;4;3;4;4;4;4;4;3;4;4;4;4;4;4;4;4;4;4;4;4;4;4;4;4;4;4;4;4;4;4;4;4;4;4;4;4;4;4;4;4;4;4;4;4;4;4;4;4;4;4;4;4;4;4;4;4;4;4;4;4;4;4;4;4;4
sdm001;Schiedam;14;17;17;21;21;12;13;26;31;31;32;32;32;32;30;18;23;28;26;21;21;31;26;27;30;32;27;30;30;25;26;26;31;29;29;25;28;26;30;31;28;27;30;29;32;32;26;31;30;30;32;30;31;28;29;31;27;29;30;32;32;30;30;28;26;26;18;27;28;27;23;26;30;31;31;29;28;27;27;23;25;23;19
sdt001;Sliedrecht;4;3;4;4;4;4;4;4;4;4;4;4;4;3;3;3;4;4;4;5;4;4;4;4;3;3;3;3;3;4;4;4;4;4;4;4;4;4;4;4;4;4;4;4;4;4;4;4;4;4;4;4;4;4;4;4;4;4;4;4;4;4;4;4;4;4;4;4;4;4;4;4;4;4;4;4;4;4;4;4;4;5;6
sgn001;Schagen;17;18;20;17;16;15;16;17;15;20;20;20;21;19;19;20;19;17;17;17;25;31;31;28;25;24;22;21;19;17;20;18;19;19;20;20;20;19;20;20;19;18;21;21;21;18;20;20;22;20;20;20;20;20;18;20;19;22;22;20;20;20;20;19;20;18;18;19;20;18;18;19;19;21;19;17;19;18;20;20;18;16;20
shl001;Schiphol;3;1;0;0;2;2;0;2;2;4;2;3;4;4;5;4;4;4;2;2;4;2;2;;2;3;3;4;4;4;4;4;4;4;4;4;4;4;4;4;4;3;4;4;4;4;4;4;4;4;4;4;4;4;4;4;4;4;4;4;4;4;4;4;4;4;4;4;4;4;4;4;4;4;5;4;4;5;3;3;4;4;9
sk001;Sneek;4;4;4;4;4;2;2;4;4;4;1;3;3;3;3;3;3;3;3;3;2;2;3;4;4;4;4;4;3;4;4;2;3;4;4;4;4;4;4;4;4;4;4;4;4;4;4;4;4;4;4;4;4;4;4;4;4;4;4;4;4;4;4;4;4;4;4;4;4;4;4;4;4;4;4;4;4;4;4;4;4;9;12
sptn001;Santpoort Noord;4;3;3;5;6;6;5;4;4;5;4;;8;8;8;10;5;8;7;5;7;7;8;8;8;8;8;8;8;8;8;8;8;8;8;8;8;8;8;8;8;8;8;8;8;8;8;8;8;8;8;8;8;8;8;8;8;8;8;9;8;8;8;8;8;9;8;8;8;8;8;8;8;8;8;8;8;8;8;8;8;9;8
sptz001;Santpoort Zuid;2;3;3;3;4;2;3;2;2;1;1;7;6;6;6;3;3;5;7;6;6;8;8;8;8;8;7;8;8;8;8;8;8;8;8;8;8;8;8;8;7;8;8;8;8;8;8;8;8;8;8;8;8;8;8;8;8;8;8;8;8;8;8;8;8;8;8;8;8;8;8;8;8;8;8;8;8;8;8;8;8;8;12
std001;std001;16;14;27;26;26;21;21;21;20;22;24;26;23;23;20;17;17;16;25;26;30;31;32;32;30;31;31;32;31;29;32;30;29;31;30;32;31;30;31;30;30;26;30;28;27;26;27;30;31;32;32;30;32;31;32;30;29;30;32;32;31;30;32;32;32;32;29;30;30;29;31;29;31;28;28;;;;;;;;
std002;Sittard;;;;;;;;;;;;;;;;;;;;;;;;;;;;;;;;;;;;;;;;;;;;;;;;;;;;;;;;;;;;;;;;;;;;;;;;;;;31;29;29;29;30;29;30;30;30
stz001;Soest Zuid;4;2;6;6;6;4;6;5;7;8;8;8;8;8;8;8;7;8;6;7;8;7;6;8;8;6;8;6;8;8;7;7;8;8;8;7;8;8;8;8;8;8;8;7;8;8;8;8;8;8;8;8;8;8;8;8;8;8;8;8;8;8;8;8;8;7;8;8;7;8;8;8;8;7;7;6;8;6;7;8;7;8;7
swk001;swk001;17;14;21;22;28;27;29;29;30;28;28;31;31;30;30;31;30;28;26;24;26;31;32;31;31;30;31;31;29;25;25;23;21;21;20;14;15;14;15;15;15;17;13;12;15;15;15;15;15;14;15;16;16;15;14;15;15;14;15;15;15;15;14;15;14;15;15;14;14;14;12;12;;;;;;;;;;;
swk002;Steenwijk;;;;;;;;;;;;;;;;;;;;;;;;;;;;;;;;;;;;;;;;;;;;;;;;;;;;;;;;;;;;;;;;;;;;;;;;13;15;13;16;16;20;18;15;13;14;14;14
tb001;tb001;166;348;347;318;221;188;205;209;205;209;186;177;210;200;211;220;230;244;248;252;261;256;264;271;267;247;265;305;307;330;375;382;340;338;316;326;332;337;386;387;387;371;356;;;;;;;;;;;;;;;;;;;;;;;;;;;;;;;;;;;;;;;;
tb002;Tilburg Noord;;;;;;;;;;;;;;;;;;;;;;;;;;;;;;;;;;;;;;;;;;;344;346;370;391;393;411;420;423;401;389;384;368;341;348;298;298;303;125;138;101;93;93;93;93;94;93;93;93;93;93;93;93;93;93;93;93;116;122;93;60;93
tb003;Tilburg Zuid;;;;;;;;;;;;;;;;;;;;;;;;;;;;;;;;;;;;;;;;;;;;;;;;;;;;;;;;;;;;204;238;245;190;184;184;167;159;192;181;184;207;212;217;157;215;228;231;192;245;250;213;241;252
tbg001;Terborg;4;4;4;4;2;0;0;5;5;4;4;6;5;4;6;6;5;5;3;5;5;5;6;6;6;6;6;5;4;6;6;5;6;6;6;6;6;6;6;6;6;5;;;;6;6;6;6;6;6;6;6;6;6;6;6;6;6;6;6;6;6;6;6;6;6;6;6;6;6;6;6;5;6;6;6;6;6;6;6;6;8
tbr001;Tilburg Reeshof;4;3;4;3;1;3;3;3;3;3;4;4;3;4;4;4;4;4;4;4;4;4;4;3;4;4;4;4;4;4;4;4;4;4;4;4;4;4;4;4;4;4;4;4;4;4;4;4;4;4;4;4;4;4;4;4;4;4;4;4;4;4;4;4;4;4;4;4;4;4;4;4;3;4;4;4;4;4;4;4;4;4;3
tbu001;Tilburg West Universiteit;;;;20;19;23;15;13;15;17;12;10;13;15;25;25;20;11;13;22;17;19;23;23;24;24;22;24;23;24;22;22;23;24;21;17;23;13;23;22;22;18;17;20;19;22;24;23;24;24;24;24;22;23;21;22;22;23;23;24;23;22;22;23;21;22;24;21;19;17;19;23;22;17;20;18;22;20;21;21;19;22;23
tl001;tl001;10;10;9;8;8;10;10;13;18;12;14;14;14;14;14;16;13;4;1;1;0;7;6;6;6;3;2;2;0;0;3;1;0;;;;;;;;;;;;;;;;;;;;;;;;;;;;;;;;;;;;;;;;;;;;;;;;;;
tl002;tl002;;;;;;;;;;;;;;;;;;28;29;27;29;32;29;32;32;32;31;31;31;31;32;32;29;30;30;32;31;29;31;31;30;32;32;32;32;31;31;30;32;32;32;32;32;32;31;31;31;32;29;31;32;31;32;30;31;31;32;30;29;31;30;31;31;31;26;;;;;;;;
tl003;Tiel;;;;;;;;;;;;;;;;;;;;;;;;;;;;;;;;;;;;;;;;;;;;;;;;;;;;;;;;;;;;;;;;;;;;;;;;;;;32;31;34;32;32;33;29;28;30
ut001;ut001;90;98;95;114;117;103;105;129;166;166;188;211;99;;;;;;;;;;;;;;;;;;;;;;;;;;;;;;;;;;;;;;;;;;;;;;;;;;;;;;;;;;;;;;;;;;;;;;
ut002;ut002;183;172;172;230;233;204;160;152;;;;;;;;;;;;;;;;;;;;;;;;;;;;;;;;;;;;;;;;;;;;;;;;;;;;;;;;;;;;;;;;;;;;;;;;;;;
ut003;ut003;;;;;;;;;;;;;;;;;;;;;;;;;5;12;11;9;9;7;10;5;10;6;;;8;11;11;11;11;7;8;6;8;9;7;8;10;10;11;10;10;11;10;10;10;10;10;10;10;14;11;13;11;11;13;12;11;13;11;10;8;8;;;;;;;;;
ut004;ut004;170;163;168;179;184;151;167;233;;;;;;;;;;;;;;;;;;;;;;;;;;;;;;;;;;;;;;;;;;;;;;;;;;;;;;;;;;;;;;;;;;;;;;;;;;;
ut005;ut005;20;22;20;20;20;16;9;;;;;;;;;;;;;;;;;;;;;;;;;;;;;;;;;;;;;;;;;;;;;;;;;;;;;;;;;;;;;;;;;;;;;;;;;;;;
ut006;ut006;15;15;12;13;11;5;6;10;15;14;16;12;14;16;9;13;14;13;11;10;12;15;19;13;11;23;25;19;12;20;14;19;16;18;;;25;14;22;24;24;19;13;20;20;25;24;22;25;28;27;26;26;25;24;24;24;27;23;24;30;29;29;29;29;29;29;29;29;29;29;29;29;29;;;;;;;;;
ut007;Utrecht P+R Westraven;15;15;15;13;16;10;10;16;21;23;20;26;21;16;8;7;6;9;9;12;10;14;20;24;30;31;32;19;22;18;16;14;11;10;;;10;12;14;11;17;18;18;18;18;13;13;14;14;14;15;15;14;16;15;14;16;15;15;15;24;15;17;15;14;16;16;20;15;16;17;15;21;16;15;16;17;18;14;15;15;15;17
ut011;ut011;2;2;;;;;;;;;;;;;;;;;;;;;;;;;;;;;;;;;;;;;;;;;;;;;;;;;;;;;;;;;;;;;;;;;;;;;;;;;;;;;;;;;
ut014;ut014;6;14;15;9;5;4;5;4;;;;;;;;;;;;;;;;;;16;19;16;13;8;13;14;11;14;;;15;13;16;15;14;13;15;;17;17;17;18;18;17;19;18;18;18;17;19;19;19;19;18;18;18;20;18;18;17;18;15;14;14;14;15;14;14;;;;;;;;;
ut016;Utrecht Centraal Jaarbeursplein;373;377;438;478;450;397;404;584;581;551;533;437;545;592;515;;535;564;530;497;649;680;737;810;694;720;879;982;785;901;907;662;878;779;781;724;939;846;856;862;714;685;596;551;536;687;700;699;711;731;717;706;681;658;605;667;488;475;404;583;720;677;621;549;620;650;823;857;745;607;573;576;557;599;569;579;580;597;577;580;634;578;566
ut017;ut017;15;16;14;16;15;15;15;;;;;;;;;;;;;;;;;;;;;;;;;;;;;;;;;;;;;;;;;;;;;;;;;;;;;;;;;;;;;;;;;;;;;;;;;;;;
ut018;Utrecht Janskerkhof;10;8;7;8;10;8;13;13;10;10;13;14;14;10;15;12;10;8;8;13;11;9;9;14;14;10;12;10;11;10;14;14;10;10;10;15;11;14;13;15;16;11;12;11;12;13;12;16;15;16;15;14;13;11;13;12;10;10;11;13;14;12;12;13;12;9;13;11;13;11;13;10;14;9;14;12;13;15;12;12;10;10;8
ut019;ut019;32;26;25;26;31;34;46;43;38;42;53;55;56;48;44;41;49;13;42;56;45;57;74;70;102;106;108;99;123;96;113;104;83;82;85;117;116;119;148;154;163;168;169;164;145;119;115;117;123;98;94;98;89;80;77;89;70;77;125;131;130;116;121;107;107;110;117;110;107;107;107;107;111;107;107;107;107;;;;;;
ut020;Utrecht Centraal Stationsplein;;;;;;;;900;646;512;433;;417;;518;543;532;403;466;566;677;774;735;974;910;785;754;766;696;760;871;893;637;719;717;857;931;811;931;926;931;993;998;1063;1064;967;1007;975;1008;983;1012;1066;1119;959;964;962;999;1042;1172;1173;854;834;820;919;911;781;812;885;844;916;902;1059;1004;827;877;775;710;702;1020;1115;756;992;988
ut021;Utrecht Centraal Knoop;;;;;;;;;;;;;;;;;;;;;;;;;;;;;;;99;114;114;113;99;65;93;103;99;246;258;203;127;126;122;118;123;115;119;110;112;108;104;107;103;101;102;109;115;101;107;101;102;101;104;106;102;179;105;101;101;101;101;101;101;101;101;101;101;101;101;72;101
ut901;ut901;6;7;7;7;7;7;4;4;4;4;5;4;5;5;7;8;6;6;8;8;8;8;8;7;7;7;7;8;8;8;7;8;8;8;8;8;8;8;8;8;8;8;;;;;;;;;;;;;;;;;;;;;;;;;;;;;;;;;;;;;;;;;
ut902;ut902;5;5;5;4;5;7;7;8;7;6;6;7;6;4;8;7;8;7;4;7;8;8;8;8;8;8;8;8;8;7;8;8;8;8;8;8;8;8;8;8;8;7;7;8;8;7;7;8;8;8;8;8;8;8;;;;;;;;;;;;;;;;;;;;;;;;;;;;;
ut903;Utrecht Rijnsweerd;4;4;15;4;7;6;6;7;8;13;11;11;32;25;17;9;9;10;20;16;10;21;25;27;21;24;21;12;18;12;21;20;13;14;18;18;17;13;14;13;17;19;12;15;14;15;18;16;16;16;18;18;16;17;16;16;13;17;18;16;16;15;15;15;15;15;16;16;15;16;15;15;15;15;15;17;15;17;15;16;19;21;19
ut904;Utrecht P+R Papendorp;1;1;3;3;4;4;4;1;3;3;3;3;3;3;2;1;2;4;4;3;3;3;4;3;3;4;4;4;4;4;4;4;4;4;4;4;4;4;4;4;4;4;3;;;;;;;;;;;;1;;4;4;4;4;4;4;4;4;4;4;4;4;4;4;4;4;4;4;4;4;4;4;4;4;4;9;11
ut905;Vianen OV-fiets ;13;13;13;13;13;14;14;14;14;16;18;18;17;17;20;20;20;20;22;22;22;22;24;24;23;23;23;23;23;23;23;23;24;24;24;24;24;24;24;23;24;24;24;24;24;24;24;24;24;24;24;24;24;24;24;24;24;24;24;24;24;23;24;23;23;23;24;24;24;24;24;24;24;23;24;24;24;24;24;24;24;25;20
ut906;P + R Utrecht Science Park (De Uithof);15;22;19;16;17;10;10;11;9;12;10;;17;;;;3;4;5;6;4;5;8;8;10;10;12;11;11;10;10;9;;;;;;;;;;8;8;6;7;8;8;10;10;10;11;12;11;11;11;10;14;10;10;10;20;10;12;10;10;10;14;10;10;10;10;10;11;10;14;11;10;10;10;10;10;10;10
ut908;ut908;;;;;;;;;;;;;;;;;;;;;;;;;;;;;;;;24;21;19;21;22;30;22;23;23;22;23;23;30;29;24;24;24;24;25;24;26;26;25;24;26;23;24;25;27;26;26;24;27;22;24;25;24;26;20;;;;;;;;;;;;;
utg001;Uitgeest;2;1;4;2;2;2;1;1;3;3;2;5;5;3;1;4;6;6;2;4;6;6;6;7;7;8;7;8;8;8;8;8;8;8;7;6;7;8;8;8;7;8;7;8;8;7;8;8;8;8;8;8;8;8;8;7;8;8;7;8;7;8;8;8;8;7;7;8;8;8;8;8;8;7;8;7;8;7;8;8;8;7;12
utl001;Utrecht Lunetten;3;3;4;4;3;4;4;4;4;4;4;4;4;4;4;4;4;4;4;4;4;4;4;4;4;4;4;4;4;4;4;4;4;4;4;4;4;4;4;4;4;4;4;4;4;4;4;4;4;4;4;4;4;4;4;4;4;4;4;4;4;4;4;4;5;4;4;4;4;3;4;4;4;4;4;4;4;4;4;4;4;4;12
utlr001;Utrecht Leidsche Rijn;5;6;8;7;3;5;7;7;4;7;8;7;8;8;8;8;8;7;8;6;7;8;8;6;8;8;10;9;8;8;7;8;8;6;8;8;8;8;7;8;8;8;8;8;7;8;6;6;7;8;8;8;7;8;8;7;7;7;9;8;8;8;7;7;8;6;8;8;6;7;6;7;8;6;8;8;7;8;8;8;7;8;8
uto001;Utrecht Overvecht;18;17;24;32;25;32;31;32;31;28;32;30;32;32;32;28;32;24;22;29;18;23;32;29;31;28;29;30;32;32;32;25;32;30;28;32;32;22;29;27;26;25;23;23;31;28;30;29;32;30;29;31;31;26;29;24;23;27;27;29;29;24;23;30;30;25;26;27;25;24;26;32;27;21;23;26;29;25;24;27;24;23;26
utt001;Utrecht Terwijde;5;4;8;7;8;8;8;7;6;8;8;7;8;8;8;8;8;7;8;7;8;8;8;8;8;7;8;8;6;8;9;8;8;8;8;8;8;8;8;8;8;7;8;8;8;8;8;7;8;8;8;8;8;8;8;8;8;8;7;7;8;8;8;7;8;8;8;6;7;6;6;7;8;8;8;7;8;7;7;8;8;11;8
utvr001;Utrecht Vaartsche Rijn Oosterkade;;;;;;;;;;;;;;;;;;;;;;;;;;;;;;;;;;;;;;;;;;;;;;;;;;;;;;;;;;;;;;;;;;;;;;;;;;;;;107;;;;;;95
utvr002;Utrecht Vaartsche Rijn Oosterkade;;;;;;;;;;;;;;;;;;;;;;;;;;;;;;;;;;;;;;;;;;;;;;;;;;;;;;;;;;;;;;;;;;;;;;;;;;;;;107;107;107;107;107;0;107
utzl001;Utrecht Zuilen;10;11;12;6;9;7;10;9;9;7;10;8;15;15;12;7;11;12;14;14;14;12;13;15;16;16;12;14;16;14;15;16;15;10;13;14;14;11;16;12;15;14;13;13;14;15;10;15;14;13;14;16;14;10;10;14;11;11;11;14;12;13;14;14;12;13;15;14;11;15;15;15;13;8;12;12;13;12;12;12;9;21;14
v001;v001;;;;;;;;;;;;;;;;;;;;;;;;;;;;;;;;;;;;;;;;;;;;;;;;;;;;;;;;;;;;;;;;;;;;;;;;;;;;;;;;;;;
vb001;vb001;11;10;22;23;21;24;22;24;28;33;33;32;32;29;29;29;24;21;19;30;30;30;29;24;31;30;29;30;31;29;30;32;32;32;29;32;32;32;32;32;29;28;24;32;32;31;31;32;32;32;32;32;32;32;32;31;32;32;32;32;32;32;32;32;31;32;32;32;32;32;32;33;32;;;;;;;;;;
vb002;Voorburg;;;;;;;;;;;;;;;;;;;;;;;;;;;;;;;;;;;;;;;;;;;;;;;;;;;;;;;;;;;;;;;;;;;;;;;;;;33;35;33;34;31;32;31;30;33;50
vdg001;vdg001;1;0;1;0;;;0;0;0;;;;;;;;;;;3;3;3;3;3;3;3;3;4;4;4;4;4;4;4;;;;;;;;;;;;;;;;;;;;0;0;;;;;;;;;;;;;;;;;;;;;;;;;;;;
vdm001;Veendam;6;6;6;6;6;6;6;5;5;5;4;6;6;6;6;6;6;5;5;5;5;5;5;5;5;5;5;6;6;6;6;6;6;6;6;6;6;6;6;5;5;5;6;6;6;6;6;6;6;6;6;6;6;6;6;6;6;6;6;6;6;6;6;6;6;6;6;6;6;6;6;6;6;6;6;6;6;6;6;6;6;6;12
vdo001;vdo001;18;17;1;1;;;;;;;;;;;;;;;;;;;;;;;;;;;;;;;;;;;;;;;;;;;;;;;;;;;;;;;;;;;;;;;;;;;;;;;;;;;;;;;
vdw001;vdw001;1;1;;;;;;;;;;;;;;;;;;;;;;;;;;;;;;;;;;;;;;;;;;;;;;;;;;;;;;;;;;;;;;;;;;;;;;;;;;;;;;;;;
vg001;Vught;;;;3;3;3;3;6;7;8;8;5;6;6;5;3;7;7;8;8;8;8;8;6;8;8;7;8;7;7;7;8;7;8;7;8;8;8;8;7;8;7;8;8;7;7;7;7;7;8;8;8;8;8;8;8;8;8;8;8;8;8;8;8;7;6;8;8;8;8;8;8;8;8;8;8;10;9;11;11;13;8;8
vh001;Voorhout;2;3;3;3;2;3;2;3;2;1;2;3;4;4;4;4;3;4;4;4;4;4;4;4;4;4;4;4;4;4;4;4;5;4;4;4;4;4;4;4;3;4;4;4;4;4;4;4;4;4;4;4;4;4;4;4;4;4;4;4;4;4;4;4;4;4;4;4;4;4;4;4;4;4;4;4;4;4;4;4;4;4;10
vhp001;Vroomshoop;4;4;4;4;4;4;4;4;4;3;3;4;4;4;4;4;4;4;4;4;4;4;4;4;4;4;4;4;4;4;4;4;4;4;4;4;4;4;4;4;4;4;4;4;4;4;4;4;4;4;4;4;4;4;4;4;4;4;4;4;4;4;4;4;4;4;4;4;4;4;4;4;4;4;4;4;4;4;4;4;4;4;4
vk001;Valkenburg;3;3;3;3;3;3;3;5;5;4;5;5;5;5;5;4;6;5;6;6;6;6;5;5;5;5;5;6;6;6;6;6;6;6;6;6;6;2;5;5;6;6;6;6;6;6;6;6;6;6;6;6;6;6;6;6;6;6;6;6;6;6;6;6;6;6;6;6;6;6;6;6;6;6;6;6;5;6;6;6;6;6;8
vl001;Venlo;31;31;31;43;49;49;47;48;45;48;48;48;49;49;48;47;47;45;40;43;42;70;76;79;79;79;77;80;79;77;74;94;52;51;62;63;;29;30;16;24;30;31;32;32;29;62;63;63;64;64;64;62;61;62;61;61;62;57;63;64;64;62;60;61;60;58;60;57;61;61;57;62;60;64;57;57;61;57;65;62;62;62
vlb001;Vierlingsbeek;3;2;3;3;3;2;2;2;3;3;2;2;2;2;2;2;2;3;3;3;3;3;3;4;4;4;4;4;4;4;4;4;4;4;4;3;4;4;4;4;4;4;4;4;4;4;4;4;4;4;4;4;4;4;4;4;4;4;4;4;4;4;4;4;4;4;4;4;4;4;4;4;4;4;4;4;4;16;9;9;7;7;8
vndc001;vndc001;9;9;9;;;;;;;;;;4;4;;;;;;;;;;;;;;;;;;;;;;;;;;;;;;;;;;;;;;;;;;;;;;;;;;;;;;;;;;;;;;;;;;;;;
vndc002;vndc002;;;;;;;;;;;;;;;;;;;;2;3;4;4;;;;;;;;;;;;;;;;;;;;;;;;;;;;;;;;;;;;;;4;4;4;4;4;4;4;4;;;;;;;;;;;;;;;8
vndw001;Veenendaal West;8;9;9;9;10;12;10;9;9;11;11;11;11;12;12;12;16;17;18;18;19;25;25;16;9;11;12;11;10;10;11;10;14;17;;;24;25;14;16;16;16;17;19;13;13;13;14;16;16;10;10;10;10;10;10;10;11;10;10;10;11;10;11;11;10;10;10;10;10;11;10;10;10;10;10;10;10;10;10;10;7;10
vp001;Velp;3;3;3;3;2;4;4;4;3;3;3;4;4;3;4;4;4;4;4;4;4;4;3;4;4;4;4;4;4;4;4;4;4;4;4;4;4;4;4;4;4;4;4;4;4;4;4;4;4;4;4;4;4;4;4;4;4;4;4;4;4;4;4;4;4;4;4;4;4;4;4;4;4;4;3;4;4;4;3;4;18;8;13
vry001;Venray;12;11;14;15;13;11;12;13;13;12;12;11;10;10;10;10;9;18;19;18;23;24;24;24;24;24;23;23;23;24;24;23;25;25;24;25;25;24;23;24;25;25;24;24;25;23;25;24;25;25;24;24;23;24;24;23;24;24;24;24;24;24;24;24;23;24;24;23;23;24;24;23;24;24;24;24;24;23;24;24;24;23;24
vs001;Vlissingen;;;;15;14;13;7;7;19;23;25;26;22;22;22;22;23;23;20;18;20;21;25;28;30;31;28;30;33;30;23;21;23;24;24;25;23;23;25;21;21;23;18;19;26;27;27;26;28;27;26;23;25;27;23;25;25;24;24;25;25;25;24;25;25;24;23;23;24;25;25;25;27;26;87;35;34;34;27;32;24;27;26
vst001;Voorschoten;4;4;4;4;2;2;3;2;2;1;1;1;2;3;4;4;4;2;2;4;4;4;4;4;4;4;4;4;4;4;4;4;4;4;4;4;4;4;4;4;4;4;4;4;4;4;4;4;4;4;4;4;4;4;4;4;4;4;4;4;4;4;4;4;4;4;4;4;4;4;4;4;4;4;4;4;4;4;4;4;4;4;4
vsv001;Varsseveld;4;4;4;4;3;3;3;3;3;2;2;3;3;4;4;4;3;3;3;4;3;3;3;3;3;4;4;3;4;4;4;4;4;4;4;4;4;4;3;3;4;4;4;4;4;4;4;4;4;4;4;4;4;4;4;4;4;4;4;4;4;4;4;4;4;4;4;4;4;4;4;4;4;4;4;4;4;4;4;4;4;4;8
vtn001;Vleuten;2;4;1;6;5;5;5;5;5;3;4;5;5;4;5;5;5;4;4;4;4;4;4;4;4;4;4;4;4;4;4;4;4;4;4;4;4;4;4;4;3;4;4;4;4;4;4;4;4;4;4;4;4;4;4;4;4;4;4;4;4;4;4;4;4;5;4;4;4;3;4;4;4;4;4;4;4;4;4;4;4;4;13
vz001;Vriezenveen;4;4;4;4;4;4;4;4;4;4;4;5;5;5;5;5;4;4;3;3;3;3;4;3;3;3;4;4;4;4;4;4;4;4;4;4;4;4;4;4;4;4;3;4;4;4;4;4;4;4;4;4;4;4;4;4;4;4;4;4;4;4;5;5;4;4;4;4;4;4;4;4;4;4;4;4;4;4;4;4;4;4;7
wc001;Wijchen;6;5;6;6;5;5;4;3;3;3;3;5;5;6;6;4;4;3;4;4;5;6;5;6;6;6;6;5;6;6;6;6;6;4;5;6;6;6;5;6;6;6;6;6;6;6;6;6;6;6;6;6;6;6;6;6;6;6;6;6;6;6;6;6;5;5;6;6;5;6;6;6;6;4;6;6;6;5;5;6;6;6;6
wd001;Woerden;45;44;45;48;44;40;40;35;40;40;42;42;42;43;42;39;34;51;48;50;56;61;56;53;52;51;50;59;62;61;54;52;52;57;57;62;61;48;62;54;53;56;52;55;55;56;55;57;61;62;62;59;59;59;54;56;50;56;53;54;56;54;55;53;49;46;50;51;52;49;58;57;63;54;61;59;67;60;60;62;58;60;63
wf001;Wolfheze;2;3;3;1;2;2;1;3;3;4;4;3;3;3;3;3;3;3;2;4;4;4;4;4;4;4;4;3;4;3;4;4;4;3;4;4;4;4;4;4;4;3;4;4;4;4;4;4;4;4;4;4;4;4;4;4;4;4;4;4;4;4;4;4;4;4;4;4;4;4;4;4;4;4;4;4;4;4;4;4;4;4;6
wh001;Wijhe;3;3;3;3;3;3;4;4;4;4;4;4;4;4;3;3;3;3;3;3;3;3;3;3;4;4;3;4;4;3;3;3;4;4;4;4;4;4;4;4;4;4;4;4;4;4;4;4;4;4;4;4;4;4;4;4;4;4;4;4;4;4;4;4;4;4;4;4;4;4;4;4;4;4;4;4;4;4;4;4;7;7;10
wp001;Weesp;;24;22;20;18;21;21;21;24;26;25;23;29;30;30;31;35;35;42;51;54;54;57;58;56;56;55;49;53;;47;;18;37;46;45;44;43;46;46;46;53;53;53;59;54;57;57;56;56;56;57;54;51;56;53;52;52;52;54;53;54;56;52;56;54;49;54;51;53;51;53;54;54;53;53;52;49;49;50;51;61;57
wp901;Muiden P&R;;6;;7;7;7;6;6;5;4;2;1;2;2;2;2;5;7;5;7;8;8;8;8;7;6;5;4;3;2;2;3;4;1;7;6;8;7;5;5;8;8;8;8;8;;8;8;8;8;8;8;8;8;8;8;8;8;8;8;8;8;8;8;8;8;9;8;8;8;8;8;8;8;8;8;8;8;8;8;8;8;8
ws001;Winschoten;7;6;8;7;7;5;3;5;4;5;5;7;6;7;7;7;7;5;6;7;7;6;8;7;8;8;8;8;7;8;8;8;8;8;8;7;7;7;7;7;8;7;7;8;8;7;8;8;8;8;8;8;7;8;8;8;8;7;6;8;8;8;8;8;8;6;7;8;8;8;8;8;8;8;8;8;8;8;8;8;12;10;10
wsm001;Winsum;4;4;4;3;3;3;3;3;3;3;3;4;4;4;4;4;4;4;4;4;4;4;4;4;4;4;3;3;4;4;4;4;4;4;4;4;4;4;4;4;4;4;4;4;4;4;4;4;4;4;4;4;4;4;4;4;4;4;4;4;4;4;4;4;4;4;4;4;4;4;4;4;4;4;4;4;4;4;4;4;4;4;8
wt001;wt001;28;23;25;25;24;23;22;27;27;23;23;24;25;26;26;22;27;25;28;26;30;32;32;32;32;31;28;29;29;28;30;29;31;31;30;28;30;29;32;32;32;30;32;29;30;30;30;30;32;32;32;32;32;31;28;31;29;32;30;31;30;31;30;31;31;32;30;28;31;32;29;30;31;27;32;22;;;;;;;
wt003;Weert;;;;;;;;;;;;;;;;;;;;;;;;;;;;;;;;;;;;;;;;;;;;;;;;;;;;;;;;;;;;;;;;;;;;;;;;;;;;36;32;30;33;31;32;29;32
wtv001;Westervoort;6;5;5;6;5;6;6;6;6;5;5;5;6;5;6;4;4;5;6;5;6;6;4;3;6;6;6;6;5;5;6;6;6;6;6;6;6;6;5;5;5;6;6;6;6;6;6;6;6;6;6;6;6;6;6;6;6;6;6;6;6;6;6;6;6;6;6;6;6;6;6;6;6;6;6;6;6;6;6;6;6;6;12
ww001;Winterswijk;4;5;5;5;5;6;6;6;6;6;5;5;6;3;5;5;5;5;5;6;6;6;6;6;6;6;6;6;6;6;6;6;6;6;6;7;6;6;5;6;6;6;6;6;6;6;6;6;6;5;6;6;6;6;6;6;6;6;7;6;6;6;6;6;6;6;6;6;6;6;6;6;6;6;6;6;6;6;6;5;6;6;8
zbm001;zbm001;19;19;25;26;26;25;22;21;21;32;31;32;32;30;30;32;32;22;22;18;21;31;31;31;31;32;32;32;31;26;24;25;23;25;25;25;24;25;24;25;25;24;29;27;30;32;31;29;32;31;32;31;30;32;32;31;31;31;32;31;31;31;30;32;28;30;30;28;30;29;31;31;31;30;25;;;;;;;;
zbm002;Zaltbommel;;;;;;;;;;;;;;;;;;;;;;;;;;;;;;;;;;;;;;;;;;;;;;;;;;;;;;;;;;;;;;;;;;;;;;;;;;;30;38;32;30;27;31;30;31;33
zd001;zd001;45;44;47;48;47;46;41;44;48;58;56;57;59;60;61;64;64;55;49;49;51;29;1;0;;;;;;;;;;;;;;;;;;;;;;;;;;;;;;;;;;;;;;;;;;;;;;;;;;;;;;;;;;;
zd002;Zaandam;;;;;;;;;;;;;;;;;;;;;;;;;;;;;;;;;;;;;;;;;;;;;;;;;;;;;;;;;;;;;;;;;;;;;;;47;45;47;42;47;42;45;43;47;47;44;47;45
zd003;zd003;;;;;;;;;;;;;;;;;;;;;;;;27;32;32;31;32;32;31;30;31;32;30;26;31;33;30;31;29;31;28;34;55;59;59;58;58;63;61;65;64;63;64;62;57;55;57;57;49;52;52;48;48;46;44;45;46;47;44;41;;;;;;;;;;;;
zh001;Zuidhorn;8;8;8;6;7;7;7;7;7;8;9;8;8;8;8;7;7;6;5;8;7;8;8;8;8;8;8;8;8;8;8;8;8;8;8;8;8;8;8;8;;;;;8;8;8;8;8;8;8;8;8;8;8;8;8;8;8;8;8;8;8;8;8;8;8;8;8;8;8;8;8;8;8;8;8;8;8;8;8;8;8
zl001;zl001;110;104;163;171;167;163;169;165;176;180;184;175;175;173;178;204;206;195;208;214;260;265;259;266;266;256;266;265;255;249;339;380;399;425;421;419;429;377;382;418;413;404;372;377;382;401;398;400;;;;;;;;;;;;;;;;;;;;;;;;;;;;;;;;;;;
zl002;zl002;10;10;20;18;16;17;16;12;14;9;13;14;10;17;18;20;19;22;23;28;28;30;31;31;32;32;30;25;32;30;32;32;32;28;21;23;20;31;30;30;29;28;32;32;28;26;28;26;26;25;27;27;27;26;28;28;30;30;30;26;25;29;25;30;31;30;32;32;32;32;32;32;32;;;;;;;;;;
zl003;Zwolle Hanzeland;;;;;;;;;;;;;;;;;;;;;;;;;;;;;;;;;;;;;;;;;;;;;;;;;;;;;;;;;;;;;;;;;;;;;;;;;29;30;31;32;33;36;36;35;32;37;35
zl004;Zwolle;;;;;;;;;;;;;;;;;;;;;;;;;;;;;;;;;;;;;;;;;;;;;;;;390;373;386;371;380;375;369;372;374;363;374;369;370;378;377;368;363;354;352;353;382;353;357;357;351;361;299;308;309;328;330;311;341;341;304;329
zlw001;Lage Zwaluwe;3;3;3;3;3;3;3;3;3;3;2;2;2;2;1;1;1;1;3;2;3;3;3;3;3;4;4;4;4;3;4;4;4;4;4;4;4;4;4;4;4;4;4;4;4;4;4;4;4;4;4;4;4;4;4;4;4;4;4;4;4;4;4;4;4;4;4;4;4;4;4;4;4;4;4;4;4;4;4;4;4;4;8
zp001;Zutphen;44;41;43;43;45;48;44;40;38;40;38;36;35;35;35;45;71;69;64;66;69;113;120;119;117;117;114;111;112;113;117;117;116;118;;;120;121;133;132;133;134;131;141;139;127;123;125;129;126;130;125;130;128;123;122;130;122;128;126;125;126;124;125;123;203;108;108;108;108;108;108;108;108;108;108;108;108;108;108;108;92;108
ztm001;ztm001;0;0;0;0;0;0;0;0;0;;;;;;;;;;;;;;;;;;;;;;;;;;;;;;;;;;;;;;;;;;;;;;;;;;;;;;;;;;;;;;;;;;;;;;;;;;
ztm002;Zoetermeer Centrum West;15;17;17;16;18;16;13;12;11;8;10;10;19;18;20;21;21;19;23;29;29;30;27;26;27;28;28;28;31;31;22;24;24;24;;;26;26;25;22;22;22;22;20;21;20;19;20;20;19;20;20;21;22;20;22;22;21;20;21;20;20;20;21;21;20;21;20;25;20;21;22;20;21;21;22;22;21;20;20;20;20;20
ztm003;Zoetermeer Driemanspolder;4;4;4;2;4;7;5;6;5;5;4;4;11;16;16;15;16;25;24;20;20;24;24;22;20;19;20;26;26;24;23;19;25;25;;;19;19;20;20;18;18;18;20;26;22;22;22;21;21;21;20;20;21;21;21;20;20;20;20;20;21;21;22;21;21;22;22;21;20;21;21;20;19;21;21;23;23;20;20;20;22;21
ztm004;ztm004;7;3;3;3;3;2;2;2;3;3;3;;13;15;0;;;;;;;;;;;;;;;;;;;;;;;;;;;;;;;;;;;;;;;;;;;;;;;;;;;;;;;;;;;;;;;;;;;;
ztmo001;Zoetermeer Oost;4;3;3;4;4;2;3;3;1;1;1;4;4;4;3;2;1;0;3;4;4;4;3;3;3;4;4;4;4;4;4;5;5;4;4;5;5;5;5;4;4;4;4;4;4;4;4;4;4;4;4;4;4;4;4;4;4;4;4;4;4;4;4;4;4;4;4;4;4;4;4;4;4;4;4;4;4;4;4;4;4;4;4
zv001;Zevenaar;3;4;4;4;6;6;6;5;4;5;3;4;6;4;6;6;6;5;3;3;4;4;6;6;5;4;3;5;5;3;5;6;6;6;6;6;5;4;4;3;6;6;6;6;6;5;5;6;6;6;6;6;6;6;6;6;6;5;6;6;6;6;5;5;5;6;6;6;6;6;6;6;6;5;6;6;6;6;6;6;11;7;8
zvb001;Zevenbergen;;;;;;;;;;;;;;;;7;7;6;6;4;7;7;7;7;7;7;8;8;8;8;8;8;7;8;8;8;8;8;8;8;8;8;8;8;8;8;8;8;8;8;8;8;8;8;8;8;8;8;8;8;8;8;8;8;8;8;8;8;7;7;8;8;8;8;8;7;8;8;8;8;8;8;8
zvt001;Zandvoort;21;19;18;18;24;23;24;23;22;21;20;27;27;28;28;30;30;25;25;27;29;26;27;22;21;20;29;31;31;27;25;26;28;28;26;22;21;20;20;18;24;24;28;30;27;22;18;19;24;23;21;22;26;25;16;16;16;21;21;21;23;22;22;29;22;22;22;22;22;23;22;22;22;22;25;22;24;26;22;22;25;22;22
zvt002;zvt002;;;;;26;33;36;28;31;38;37;35;35;;35;39;48;27;19;23;27;28;31;30;;;;32;32;32;29;33;32;32;;;0;0;0;0;0;0;18;28;28;15;0;0;0;0;0;0;0;0;0;0;0;0;;;;;;;;;;;;;;;;;;;;;;;;;
zwd001;zwd001;14;10;10;10;10;;11;10;10;11;9;;10;10;10;9;;;;;;;;;;;;;;;;;;;;;;;;;;;;;;;;;;;;;;;;;;;;;;;;;;;;;;;;;;;;;;;;;;;
zwd002;zwd002;;;;;;;;;;;;;;;;;;;;14;29;30;32;32;31;29;30;25;28;31;32;32;32;32;32;32;32;32;32;32;31;32;32;30;32;31;32;32;32;32;32;32;32;32;32;32;32;32;31;31;32;32;32;32;32;32;32;32;31;32;32;32;32;28;;;;;;;;;
zwd003;Zwijndrecht;;;;;;;;;;;;;;;;;;;;;;;;;;;;;;;;;;;;;;;;;;;;;;;;;;;;;;;;;;;;;;;;;;;;;;;;;;33;37;33;36;35;32;33;32;31;33
ut901;IJsselstijn UT;;;;;;;;;;;;;;;;;;;;;;;;;;;;;;;;;;;;;;;;;;;;;;;;;;;;;;;;;;;;;;;;;;;;;;;;;;;;;;;;;;;8
ed004;Ede-Wageningen Zuidzijde;;;;;;;;;;;;;;;;;;;;;;;;;;;;;;;;;;;;;;;;;;;;;;;;;;;;;;;;;;;;;;;;;;;;;;;;;;;;;;;;;;;239
had003;Heemstede-Aerdenhout;;;;;;;;;;;;;;;;;;;;;;;;;;;;;;;;;;;;;;;;;;;;;;;;;;;;;;;;;;;;;;;;;;;;;;;;;;;;;;;;;;;35
ktr001;Kesteren;;;;;;;;;;;;;;;;;;;;;;;;;;;;;;;;;;;;;;;;;;;;;;;;;;;;;;;;;;;;;;;;;;;;;;;;;;;;;;;;;;;4
uto002;Utrecht Overvecht;;;;;;;;;;;;;;;;;;;;;;;;;;;;;;;;;;;;;;;;;;;;;;;;;;;;;;;;;;;;;;;;;;;;;;;;;;;;;;;;;;;43
ypb001;Den Haag Ypenburg;;;;;;;;;;;;;;;;;;;;;;;;;;;;;;;;;;;;;;;;;;;;;;;;;;;;;;;;;;;;;;;;;;;;;;;;;;;;;;;;;;;8
sdm002;Schiedam;;;;;;;;;;;;;;;;;;;;;;;;;;;;;;;;;;;;;;;;;;;;;;;;;;;;;;;;;;;;;;;;;;;;;;;;;;;;;;;;;;;36